01053,51.056200,13.732300
01054,51.037650,13.743050
01055,51.056900,13.728700
01056,51.035500,13.740400
01057,51.045600,13.738700
01058,51.046600,13.726800
01059,51.082600,13.725800
01060,51.103700,13.770900
01062,51.028900,13.723900
01063,51.033400,13.707200
01064,51.038700,13.732700
01065,51.038700,13.732700
01067,51.054700,13.726900
01069,51.043000,13.737300
01070,51.033400,13.707200
01095,51.057300,13.749300
01097,51.071400,13.739900
01099,51.078300,13.805100
01108,51.155733,13.782467
01109,51.116400,13.746800
01127,51.079000,13.720800
01129,51.096700,13.736000
01139,51.083600,13.698100
01156,51.049420,13.621430
01157,51.070700,13.672900
01159,51.045200,13.699600
01169,51.044300,13.673800
01187,51.028100,13.694300
01189,51.050000,13.750000
01213,51.040800,13.719800
01217,51.050000,13.750000
01219,51.021000,13.767900
01237,51.013000,13.798800
01239,51.006600,13.808900
01255,51.053300,13.783000
01257,51.011400,13.805400
01259,51.050000,13.750000
01264,51.035500,13.740400
01277,51.042567,13.787033
01279,51.042500,13.780100
01303,51.053600,13.760800
01304,51.051700,13.777000
01305,51.054000,13.758800
01307,51.050000,13.750000
01309,51.050950,13.778350
01324,51.050000,13.750000
01326,51.053800,13.815500
01328,51.050000,13.750000
01332,51.178000,13.841700
01333,51.180200,13.838400
01445,51.106500,13.660500
01454,51.136400,13.909250
01458,51.183300,13.833300
01465,51.091650,13.800000
01468,51.159200,13.680200
01471,51.215200,13.728100
01477,51.094200,13.991800
01558,51.289500,13.533500
01561,51.295500,13.635778
01585,51.306800,13.285400
01587,51.299100,13.284800
01589,51.302600,13.309700
01591,51.300000,13.300000
01594,51.250900,13.307200
01609,51.393800,13.403567
01612,51.299400,13.393500
01616,51.352500,13.226600
01619,51.360550,13.398200
01623,51.153133,13.317800
01640,51.132000,13.583100
01662,51.164900,13.485900
01665,51.120280,13.442580
01683,51.081900,13.359800
01689,51.155350,13.568700
01705,51.001700,13.648800
01723,51.052000,13.536600
01728,50.992900,13.717100
01730,50.946200,13.770600
01731,50.945300,13.755100
01734,50.964800,13.643100
01737,50.979100,13.523600
01738,50.933300,13.566700
01744,50.896200,13.669100
01762,50.826550,13.625600
01768,50.848667,13.777600
01773,50.765600,13.753300
01774,50.899550,13.557050
01776,50.750000,13.633300
01778,50.757400,13.792800
01793,50.954400,13.941400
01796,50.936133,13.962333
01809,50.946767,13.847500
01814,50.921025,14.156000
01816,50.858300,13.950000
01819,50.887500,13.900000
01824,50.911525,14.083375
01825,50.864200,13.856900
01829,50.958200,14.030900
01833,51.041150,14.039700
01844,51.036400,14.221450
01847,50.988300,14.002700
01848,50.979900,14.114100
01855,50.959350,14.261250
01877,51.131600,14.247900
01896,51.179500,14.009200
01900,51.147650,14.051250
01904,51.080200,14.326650
01906,51.175800,14.173300
01909,51.119100,14.104000
01917,51.268000,14.093700
01920,51.263000,14.161330
01936,51.266550,13.967838
01945,51.419711,13.878122
01968,51.533567,13.954833
01979,51.488100,13.766200
01983,51.604500,14.070900
01987,51.476700,13.855600
01990,51.389600,13.751467
01993,51.527850,13.905100
01994,51.559013,13.896275
01996,51.454700,14.025100
01998,51.546067,13.911967
02619,51.155100,14.432900
02620,51.175700,14.429400
02621,51.182300,14.427800
02625,51.182500,14.429200
02627,51.189225,14.531925
02633,51.159850,14.338400
02643,51.190400,14.458700
02681,51.087925,14.426375
02689,51.047100,14.429800
02692,51.125725,14.417200
02694,51.250267,14.513967
02699,51.278633,14.319367
02708,51.074678,14.647022
02727,50.977300,14.608800
02730,51.016700,14.583300
02733,51.100000,14.516700
02736,51.070350,14.519150
02739,50.982700,14.662100
02742,51.031850,14.549050
02747,51.014750,14.753100
02748,51.050000,14.850000
02763,50.900100,14.770433
02779,50.905050,14.693600
02782,50.934900,14.601900
02785,50.873000,14.770400
02788,50.957400,14.881767
02791,50.958300,14.708300
02794,50.950000,14.650000
02796,50.850000,14.700000
02797,50.850000,14.750000
02799,50.870300,14.650300
02826,51.150300,14.982900
02827,51.149000,14.953400
02828,51.168700,14.969300
02829,51.187475,14.874025
02894,51.153100,14.777100
02899,51.040600,14.915300
02906,51.294700,14.721114
02923,51.289525,14.876800
02929,51.363500,14.946100
02943,51.452000,14.603450
02953,51.541900,14.689550
02956,51.400000,14.783300
02957,51.507800,14.713650
02959,51.544433,14.555567
02977,51.437900,14.235500
02979,51.508350,14.266700
02991,51.459733,14.115533
02994,51.379800,14.047850
02997,51.385000,14.244000
02999,51.371567,14.409400
03039,51.759100,14.328000
03042,51.761200,14.354400
03044,51.775400,14.337400
03046,51.756000,14.319700
03048,51.740300,14.319800
03050,51.732400,14.334700
03051,51.766700,14.333300
03052,51.766700,14.333300
03053,51.766700,14.333300
03054,51.766700,14.333300
03055,51.766700,14.333300
03058,51.696375,14.412456
03065,51.767000,14.380100
03075,51.987300,7.633900
03096,51.825417,14.220583
03099,51.750000,14.250000
03103,51.614700,14.148000
03116,51.654100,14.223200
03119,51.583800,14.170800
03130,51.591207,14.465600
03139,51.566700,14.366700
03149,51.708967,14.592100
03159,51.651967,14.593800
03172,51.931013,14.610225
03185,51.851138,14.426775
03197,51.878650,14.504200
03202,53.243500,14.257300
03205,51.719833,13.968773
03222,51.853437,13.917650
03226,51.807240,14.056960
03229,51.666650,14.016650
03238,51.606478,13.687804
03246,51.727967,13.758967
03249,51.708400,13.659000
03253,51.652075,13.504425
04022,51.046600,13.749200
04024,51.398700,12.198000
04056,51.351400,12.404100
04063,51.073200,13.760200
04064,51.073200,13.760200
04079,51.344100,12.394400
04080,51.331400,12.386600
04081,51.338100,12.379100
04082,51.398700,12.198000
04083,51.336400,12.374700
04084,51.334200,12.395600
04086,51.374800,12.323200
04087,51.341300,12.357900
04088,51.332100,12.374600
04089,51.398700,12.198000
04091,51.343300,12.369300
04092,51.335000,12.371400
04095,51.338600,12.384800
04097,51.340700,12.385600
04103,51.340500,12.382700
04105,51.348900,12.368800
04107,51.366700,12.383300
04109,51.342000,12.375000
04129,51.367400,12.390900
04150,51.378200,12.311900
04151,51.374800,12.323200
04155,51.366700,12.383300
04157,51.377500,12.359900
04158,51.403500,12.341800
04159,51.371700,12.332100
04160,51.340200,6.652600
04177,51.342500,12.323000
04178,51.356600,12.264300
04179,51.329000,12.311500
04205,51.320900,12.279300
04207,51.312000,12.307700
04209,51.314800,12.291200
04227,51.329700,12.345900
04229,51.325400,12.334100
04249,51.366700,12.383300
04275,51.366700,12.383300
04277,51.366700,12.383300
04279,51.366700,12.383300
04288,51.366700,12.383300
04289,51.366700,12.383300
04299,51.366700,12.383300
04310,51.330100,12.440600
04311,51.330100,12.440600
04312,51.330100,12.440600
04315,51.366700,12.383300
04316,51.366700,12.383300
04317,51.332900,12.404700
04318,51.333200,12.419500
04319,51.366700,12.383300
04328,51.348000,12.431300
04329,51.366700,12.383300
04347,51.363700,12.431200
04349,51.366700,12.383300
04350,51.409200,12.447400
04356,51.366700,12.383300
04357,51.366700,12.383300
04360,51.315600,12.383200
04365,51.401200,12.403800
04370,51.413220,12.290680
04416,51.275500,12.369100
04420,51.304200,12.196050
04425,51.383300,12.483300
04435,51.396800,12.221400
04442,51.218700,12.330100
04451,51.350000,12.533300
04460,51.221700,12.223500
04463,51.266700,12.500000
04509,51.504056,12.352000
04519,51.433300,12.383300
04523,51.158550,12.242350
04539,51.155400,12.282800
04550,51.118900,12.489900
04552,51.116600,12.488333
04564,51.200600,12.386200
04565,51.088800,12.438400
04567,51.164400,12.552600
04571,51.197800,12.414500
04574,51.115150,12.408050
04575,51.149900,12.410900
04579,51.189300,12.478900
04600,50.987600,12.436800
04603,50.972825,12.435700
04610,51.054850,12.352700
04613,51.097300,12.333400
04617,51.014633,12.368450
04618,50.935140,12.588520
04626,50.897187,12.301947
04639,50.889000,12.432900
04643,51.055300,12.696700
04651,51.122500,12.638900
04654,51.057200,12.557500
04655,51.018800,12.604200
04657,51.016700,12.716700
04668,51.210683,12.723883
04680,51.130750,12.809850
04683,51.255500,12.569150
04685,51.270900,12.789100
04687,51.283300,12.750000
04688,51.261600,12.891300
04703,51.156333,12.941000
04720,51.129933,13.121217
04736,51.072800,13.020000
04741,51.074150,13.166200
04746,51.098600,12.973900
04749,51.200000,13.166700
04756,51.298700,13.119300
04758,51.338867,13.133967
04769,51.238533,13.056833
04774,51.364900,12.998800
04779,51.283300,12.950000
04808,51.392060,12.797840
04821,51.336000,12.610200
04824,51.323100,12.562200
04827,51.366700,12.633300
04828,51.360700,12.713800
04838,51.491033,12.654133
04849,51.602250,12.662850
04855,51.559000,13.007700
04860,51.549800,12.962975
04862,51.500000,12.800000
04874,51.482600,13.123800
04880,51.622533,12.874800
04886,51.566600,13.070400
04889,51.457200,12.930200
04895,51.587500,13.236400
04910,51.469850,13.493950
04916,51.781483,13.246683
04924,51.517500,13.363950
04928,51.460875,13.616550
04931,51.433300,13.216700
04932,51.414288,13.541663
04934,51.492650,13.544000
04936,51.737444,13.412950
04938,51.516700,13.333300
06073,51.497200,11.966700
06075,51.478800,11.987800
06076,51.482100,11.983200
06077,51.478300,11.979600
06089,51.507800,11.964400
06090,51.507800,11.964400
06091,51.485300,12.002700
06092,51.496200,11.982500
06094,51.486500,11.961300
06095,51.469000,11.985200
06097,51.500300,11.933500
06098,51.489900,11.969600
06099,51.484700,11.965500
06100,51.482500,11.971500
06103,51.480700,11.965700
06104,51.430100,11.991350
06105,51.481200,11.925200
06106,51.486600,11.930250
06108,51.483000,11.972000
06110,51.470100,11.967500
06112,51.475300,11.997300
06114,51.503400,11.962200
06116,51.486200,12.028300
06118,51.517500,11.971000
06120,51.508200,11.883800
06122,51.480400,11.921500
06124,51.479600,11.937000
06126,51.500000,12.000000
06128,51.450700,11.949300
06130,51.441000,11.985600
06132,51.434800,11.981500
06144,51.469500,11.990800
06145,51.525400,12.104000
06146,51.469500,11.983300
06147,51.469500,11.990800
06179,51.459531,11.835477
06184,51.412145,12.085445
06188,51.527225,12.099867
06193,51.591593,11.953057
06198,51.569510,11.815110
06217,51.336867,11.961000
06231,51.300714,12.100843
06237,51.305650,12.019400
06242,51.283575,11.890425
06246,51.380840,11.888160
06249,51.300000,11.800000
06252,51.347300,12.169000
06254,51.358062,12.120450
06255,51.365650,11.784850
06258,51.400000,11.998767
06259,51.311400,11.929300
06268,51.336657,11.620857
06279,51.435575,11.634700
06291,51.519100,11.550600
06295,51.518669,11.582612
06308,51.581257,11.498657
06311,51.550000,11.500000
06313,51.533133,11.485633
06317,51.474829,11.677171
06318,51.466700,11.750000
06333,51.670914,11.448636
06343,51.586867,11.399967
06347,51.622371,11.678243
06348,51.615300,11.489800
06359,51.732100,11.977600
06366,51.751900,11.970900
06369,51.723764,11.988208
06385,51.852700,12.044600
06386,51.770927,12.084318
06388,51.682033,11.936700
06400,51.795300,11.744700
06406,51.794600,11.740100
06408,51.764718,11.782055
06420,51.672533,11.795211
06425,51.704250,11.665133
06429,51.843000,11.781420
06449,51.790238,11.458223
06456,51.705700,11.539600
06458,51.858025,11.264600
06463,51.734950,11.322025
06464,51.795800,11.379100
06466,51.822100,11.286600
06467,51.782900,11.312400
06469,51.800800,11.334900
06484,51.815800,11.180167
06493,51.619243,11.147400
06502,51.759375,11.067900
06507,51.702133,11.051578
06526,51.522600,11.285150
06528,51.486250,11.277743
06536,51.501300,11.059773
06537,51.427750,11.091050
06542,51.420600,11.404914
06543,51.634564,11.308364
06547,51.582233,10.972500
06553,51.366500,11.294400
06556,51.361182,11.289573
06567,51.351700,11.139400
06571,51.299640,11.374660
06577,51.274017,11.219883
06578,51.286567,11.123700
06618,51.113714,11.834607
06628,51.124500,11.682943
06632,51.237850,11.771100
06636,51.227333,11.668050
06638,51.271300,11.657700
06642,51.263143,11.535714
06647,51.197880,11.538610
06648,51.129425,11.509425
06667,51.186864,11.936200
06679,51.182400,12.074967
06682,51.118575,12.030775
06686,51.227463,12.106075
06688,51.261467,12.029867
06712,51.035065,12.139394
06721,51.074600,11.943080
06722,51.032000,11.981875
06724,51.003525,12.176950
06725,51.118300,12.205700
06727,51.096275,12.111475
06729,51.068567,12.218200
06731,51.622900,12.267700
06749,51.632950,12.336200
06766,51.660475,12.238700
06773,51.752633,12.522050
06774,51.638789,12.492111
06779,51.719914,12.243429
06780,51.618550,12.133730
06785,51.803260,12.433060
06786,51.831567,12.440583
06791,51.723550,12.376400
06792,51.626650,12.253350
06794,51.609960,12.232940
06796,51.557900,12.212800
06800,51.687300,12.310600
06803,51.646800,12.300700
06804,51.677850,12.373200
06808,51.598200,12.308400
06809,51.572800,12.276250
06838,51.841000,12.231600
06839,51.838450,12.219750
06842,51.823100,12.259800
06844,51.844100,12.247500
06846,51.833300,12.250000
06847,51.822100,12.191700
06849,51.808300,12.241000
06861,51.833300,12.250000
06862,51.908133,12.218033
06868,51.980571,12.351714
06869,51.924655,12.469109
06886,51.874400,12.606000
06888,51.864743,12.718843
06889,51.874400,12.606000
06895,51.932250,12.762550
06896,51.936700,12.608000
06901,51.780325,12.695563
06905,51.694133,12.726067
06909,51.723400,12.791767
06917,51.809614,12.980822
06918,51.875333,12.884656
06922,51.690520,12.933400
06925,51.726460,13.028380
06926,51.797214,13.112414
06928,51.850000,13.116700
07318,50.620067,11.308667
07330,50.544800,11.359250
07333,50.650000,11.433300
07334,50.639250,11.465700
07336,50.659600,11.486350
07338,50.592000,11.509080
07343,50.463600,11.537800
07349,50.474300,11.452200
07356,50.462800,11.596650
07366,50.411617,11.700950
07368,50.512500,11.675000
07381,50.689091,11.632900
07387,50.672050,11.519250
07389,50.651975,11.631033
07407,50.757980,11.367820
07422,50.661133,11.248767
07426,50.649180,11.125700
07427,50.643000,11.191900
07429,50.616167,11.207400
07497,50.872900,12.082600
07499,50.907300,12.073500
07541,50.870400,12.083800
07543,50.873200,12.083950
07545,50.878200,12.082400
07546,50.890100,12.101900
07548,50.866700,12.083300
07549,50.840800,12.075600
07551,50.841200,12.107200
07552,50.866700,12.083300
07554,50.894343,12.162186
07557,50.802414,12.013757
07570,50.763021,12.012579
07580,50.832950,12.206820
07584,50.930400,12.014500
07586,50.914000,11.984850
07589,50.803744,11.935656
07607,50.982425,11.884425
07613,50.966617,11.966783
07616,50.958414,11.772343
07619,51.020850,11.802350
07629,50.878325,11.879550
07639,50.921767,11.888533
07646,50.846334,11.755774
07737,50.929800,11.589500
07738,50.927500,11.583000
07739,50.928100,11.580700
07740,50.913429,11.586271
07743,50.932600,11.586800
07745,50.893300,11.584700
07747,50.889900,11.608600
07749,50.943000,11.603400
07751,50.895730,11.618510
07768,50.796721,11.561879
07774,51.034625,11.723250
07778,50.997471,11.648329
07806,50.707975,11.736900
07819,50.736773,11.834618
07907,50.620290,11.822920
07919,50.572050,11.907700
07922,50.494600,11.857200
07924,50.603840,11.705260
07926,50.440500,11.859300
07927,50.405400,11.818300
07929,50.491700,11.700000
07937,50.644240,11.986240
07950,50.701383,11.991833
07952,50.586700,12.044500
07955,50.718050,11.906600
07957,50.693150,12.088700
07958,50.711300,12.054300
07973,50.657800,12.199200
07980,50.717700,12.131917
07985,50.600050,12.129800
07987,50.669700,12.265200
07989,50.720900,12.246900
08037,50.720400,12.484000
08048,50.795200,12.483750
08056,50.711400,12.492800
08058,50.743900,12.478100
08060,50.718800,12.460100
08062,50.691500,12.473400
08064,50.675200,12.470900
08066,50.731900,12.525100
08080,50.690600,12.564400
08081,50.668500,12.363600
08107,50.612833,12.513733
08112,50.675000,12.514800
08115,50.692500,12.425900
08118,50.666775,12.670950
08132,50.744871,12.573486
08134,50.652870,12.595380
08141,50.697800,12.555500
08144,50.633300,12.466700
08147,50.566700,12.508300
08209,50.492400,12.417100
08223,50.457750,12.342550
08228,50.530800,12.413300
08233,50.542500,12.303400
08236,50.483700,12.388800
08237,50.538900,12.477800
08239,50.471000,12.274500
08248,50.366700,12.466700
08258,50.311400,12.329500
08261,50.383300,12.316700
08262,50.439800,12.489900
08265,50.316700,12.366700
08267,50.351000,12.422400
08269,50.435000,12.415000
08280,50.590300,12.706600
08289,50.594700,12.641400
08294,50.621800,12.731500
08297,50.630300,12.810000
08301,50.598100,12.658800
08304,50.504600,12.521600
08309,50.494300,12.599800
08312,50.566700,12.733300
08315,50.576200,12.767500
08318,50.543900,12.571100
08321,50.566700,12.650000
08324,50.542100,12.686400
08325,50.516700,12.600000
08326,50.499200,12.651200
08328,50.533300,12.533300
08340,50.551850,12.787250
08344,50.580200,12.806900
08349,50.452550,12.709350
08352,50.526033,12.837833
08355,50.480300,12.793400
08359,50.466700,12.766700
08371,50.819900,12.544900
08373,50.850000,12.566700
08393,50.842833,12.473733
08396,50.879900,12.549600
08412,50.729550,12.365950
08427,50.700000,12.350000
08428,50.755800,12.326700
08432,50.714200,12.399900
08439,50.762500,12.371400
08451,50.809000,12.346100
08459,50.800000,12.366700
08468,50.622500,12.337800
08485,50.569400,12.364100
08491,50.598700,12.246900
08496,50.660100,12.356200
08499,50.618600,12.265400
08520,50.497100,12.122500
08523,50.494200,12.135300
08525,50.510600,12.130000
08527,50.493500,12.127200
08529,50.492100,12.177500
08538,50.441167,11.995767
08539,50.545300,12.037000
08541,50.485050,12.219300
08543,50.550000,12.183300
08547,50.500000,12.133300
08548,50.543000,12.079300
08606,50.409380,12.226860
08626,50.335050,12.213300
08645,50.281900,12.234300
08648,50.216700,12.316700
09028,50.833300,12.916700
09030,50.833300,12.916700
09091,50.814500,12.911300
09092,50.814500,12.911300
09093,50.812600,12.880700
09094,50.834400,12.926400
09095,50.878400,12.903200
09096,50.810200,12.904800
09097,50.818950,12.906400
09099,50.844800,12.917900
09100,50.814500,12.911300
09103,50.832400,12.919700
09105,50.816600,12.916500
09106,50.832600,12.919100
09107,50.839200,12.927300
09108,50.809100,12.841900
09109,50.805800,12.842600
09111,50.835100,12.922200
09112,50.827000,12.904300
09113,50.850700,12.895100
09114,50.857400,12.897700
09116,50.821300,12.884000
09117,50.817900,12.837900
09119,50.820300,12.905600
09120,50.805600,12.906700
09122,50.794500,12.887500
09123,50.765900,12.946000
09125,50.796300,12.919900
09126,50.819700,12.940300
09127,50.828400,12.958600
09128,50.833300,12.916700
09130,50.837600,12.934500
09131,50.833300,12.916700
09212,50.850033,12.773300
09217,50.913300,12.806000
09221,50.783500,12.870000
09224,50.794000,12.786000
09227,50.770500,12.974500
09228,50.883200,12.870300
09231,50.885400,12.802800
09232,50.900000,12.800000
09235,50.733300,12.916700
09236,50.933300,12.883300
09241,50.900000,12.766700
09243,50.900000,12.716700
09244,50.908300,12.991700
09247,50.862100,12.833900
09249,50.916700,12.850000
09306,51.028443,12.826014
09322,50.933400,12.704200
09326,51.076800,12.907200
09328,50.962700,12.755900
09337,50.805767,12.670967
09350,50.743800,12.645300
09353,50.782300,12.707900
09355,50.750000,12.716700
09356,50.786200,12.624000
09366,50.715450,12.775200
09376,50.717000,12.721700
09380,50.700000,12.850000
09385,50.750000,12.758350
09387,50.750000,12.850000
09390,50.700000,12.883300
09392,50.683300,12.916700
09394,50.740400,12.680600
09395,50.674100,12.881900
09399,50.725000,12.750000
09405,50.757450,13.046800
09419,50.670800,12.950900
09423,50.705500,12.969400
09427,50.649300,12.970100
09429,50.655500,13.071300
09430,50.687500,13.017350
09432,50.700000,13.083300
09435,50.704100,13.056500
09437,50.758350,13.125000
09439,50.750000,13.005600
09450,50.578100,13.004900
09453,50.585367,13.007133
09454,50.587400,13.009800
09456,50.583200,13.039450
09465,50.516700,12.983300
09468,50.616850,12.929350
09471,50.525000,13.041650
09474,50.516700,12.950000
09477,50.512300,13.094600
09481,50.558400,12.890300
09484,50.416700,12.983300
09487,50.558800,12.952700
09488,50.611100,13.013800
09496,50.627000,13.203050
09509,50.724100,13.279800
09514,50.719100,13.192900
09517,50.659100,13.229800
09518,50.633300,13.116700
09526,50.680667,13.364167
09544,50.675000,13.466700
09548,50.633350,13.458350
09557,50.856100,13.074100
09569,50.860625,13.177325
09573,50.805950,13.134350
09575,50.800000,13.233300
09577,50.866700,13.016700
09579,50.770200,13.166450
09595,50.911000,13.341700
09596,50.913014,13.348057
09599,50.910900,13.338800
09600,50.910333,13.363200
09603,50.966000,13.285900
09618,50.806150,13.323650
09619,50.759300,13.429467
09623,50.770300,13.536450
09627,50.904950,13.420600
09629,51.008200,13.365400
09633,50.950000,13.350000
09634,51.031100,13.308100
09638,50.833300,13.416700
09648,51.000967,12.980700
09660,50.969900,13.119400
09661,50.956000,13.051075
09669,50.925900,13.059600
10026,52.517200,13.414900
10082,52.531800,13.383800
10083,52.531800,13.383800
10086,52.510500,13.402400
10096,52.513700,13.422700
10098,52.523700,13.379900
10099,52.517600,13.393800
10102,52.517500,13.391600
10103,52.528600,13.369200
10104,52.510600,13.390100
10105,52.518525,13.387350
10106,52.516733,13.426900
10107,52.512662,13.392175
10108,52.522875,13.383500
10109,52.516475,13.391350
10112,52.509000,13.427900
10115,52.532300,13.384600
10117,52.517000,13.387200
10119,52.530500,13.405300
10150,52.516900,13.414700
10169,52.517600,13.414200
10173,52.525800,13.413500
10178,52.521300,13.409600
10179,52.512200,13.416400
10243,52.512300,13.439400
10245,52.500700,13.464700
10247,52.516100,13.465600
10249,52.523800,13.442800
10306,52.509400,13.525500
10313,52.493200,13.525900
10315,52.513200,13.514800
10317,52.497900,13.490800
10318,52.483500,13.528700
10319,52.499200,13.518800
10356,52.518300,13.488200
10358,52.509400,13.525500
10360,52.509400,13.525500
10361,52.523233,13.485833
10362,52.514900,13.488700
10365,52.520600,13.496900
10367,52.524600,13.482100
10369,52.529500,13.469500
10400,52.535000,13.427900
10405,52.535200,13.425700
10407,52.533600,13.449200
10409,52.544300,13.441400
10431,52.542600,13.429950
10435,52.537800,13.411200
10437,52.544900,13.412600
10439,52.552200,13.412100
10546,52.533400,13.280000
10547,52.523400,13.344600
10548,52.529300,13.317133
10551,52.530700,13.337200
10553,52.530500,13.321500
10555,52.521500,13.335500
10557,52.523300,13.359400
10559,52.530100,13.349900
10585,52.515200,13.305700
10587,52.518400,13.319500
10589,52.527600,13.305700
10617,52.512533,13.317700
10623,52.508800,13.327400
10625,52.509500,13.314700
10627,52.508000,13.303000
10629,52.502800,13.308600
10702,52.490453,13.318758
10703,52.502100,13.321000
10704,52.490400,13.311200
10705,52.497400,13.293000
10707,52.496700,13.313800
10709,52.493900,13.303100
10711,52.498100,13.290500
10713,52.485100,13.313300
10715,52.482400,13.328900
10717,52.490800,13.327500
10719,52.498800,13.325700
10768,52.499800,13.325300
10772,52.506100,13.357025
10773,52.506000,13.345880
10774,52.510200,13.376200
10777,52.497500,13.342700
10779,52.492100,13.339500
10781,52.493600,13.352900
10783,52.496400,13.362400
10785,52.507300,13.364300
10787,52.507800,13.343900
10789,52.501700,13.337700
10819,52.481200,13.338000
10820,52.484100,13.345000
10823,52.487300,13.350900
10825,52.483800,13.341300
10827,52.483800,13.354300
10829,52.476100,13.360700
10842,52.434100,13.536000
10850,52.434100,13.536000
10858,52.317300,13.265400
10859,52.506000,13.392400
10860,52.499400,13.381600
10861,52.489200,13.348200
10862,52.506100,13.295100
10863,52.511552,13.389080
10864,52.515500,13.410700
10865,52.517183,13.391300
10867,52.507800,13.397500
10868,52.491500,13.310400
10871,52.496200,13.454800
10872,52.507300,13.374900
10873,52.521800,13.389000
10874,52.509225,13.368000
10875,51.513192,12.369589
10876,52.504500,13.380900
10877,52.511900,13.433100
10878,52.506800,13.438100
10880,52.533400,13.384200
10881,52.467200,13.372600
10882,52.464400,13.369600
10883,52.513340,13.318980
10884,52.520600,13.492800
10885,52.525500,13.321600
10886,52.519900,13.403900
10887,52.517200,13.387100
10888,52.507800,13.397500
10889,52.520800,13.413800
10890,52.511800,13.388800
10891,52.511900,13.433100
10892,52.578400,13.294300
10893,52.483400,13.293000
10896,52.512400,13.314600
10898,52.304592,12.985983
10899,52.504300,13.450600
10901,52.514900,13.329200
10902,52.504500,13.360200
10903,52.506800,13.379000
10904,52.495500,13.484000
10905,52.467200,13.372600
10907,52.508700,13.352300
10908,52.406900,13.053700
10909,52.406900,13.053700
10910,50.719100,7.117000
10912,52.504700,13.369300
10913,52.504700,13.369300
10914,52.501800,13.336000
10916,52.523300,13.347500
10917,52.508400,13.403000
10918,52.508400,13.403000
10919,52.511000,13.388300
10934,52.500800,13.388400
10956,52.506000,13.392400
10958,52.499411,13.391489
10959,52.499400,13.381600
10961,52.492600,13.397500
10963,52.500300,13.381300
10965,52.485500,13.394600
10967,52.490500,13.416400
10969,52.502500,13.401200
10997,52.500900,13.435600
10999,52.496900,13.426600
11010,52.516300,13.352700
11011,52.517900,13.375900
11013,52.515400,13.398500
11014,52.522700,13.362200
11017,52.512400,13.384300
11052,52.514700,13.405400
11053,52.514700,13.405400
11054,52.514700,13.405400
11055,52.541800,13.414400
11056,52.513278,13.378811
11501,52.505500,13.447300
11503,52.495500,13.484000
11504,52.495500,13.484000
11505,52.467200,13.372100
11506,52.504400,13.346000
11507,52.471600,13.366000
11508,52.467200,13.372600
11509,52.507700,13.404100
11510,52.506800,13.438100
11511,52.476500,13.363900
11512,48.770900,9.178900
11513,52.515100,13.334800
11515,52.434100,13.536000
11516,52.502500,13.407000
12028,52.479000,13.427900
12032,52.515300,13.412500
12037,52.473900,13.457500
12038,52.482000,13.433900
12039,52.469800,13.464800
12040,52.481300,13.435000
12043,52.479900,13.437100
12045,52.485500,13.439200
12047,52.490500,13.428500
12049,52.476400,13.422000
12051,52.466900,13.429800
12053,52.476800,13.432500
12055,52.471200,13.448600
12057,52.468400,13.463300
12059,52.480900,13.451300
12095,52.400700,13.381900
12096,52.458260,13.389380
12099,52.464400,13.402300
12101,52.478500,13.379100
12103,52.464100,13.374700
12105,52.449200,13.371400
12107,52.431200,13.391700
12109,52.446500,13.399300
12154,52.461620,13.324120
12157,52.465300,13.346200
12159,52.473700,13.336900
12161,52.470400,13.327000
12163,52.462600,13.318500
12165,52.455700,13.314800
12167,52.448600,13.333800
12169,52.454800,13.343500
12200,52.432744,13.303178
12203,52.444400,13.309600
12205,52.434000,13.294500
12207,52.419900,13.313300
12209,52.417900,13.329100
12247,52.439500,13.346200
12249,52.426400,13.351800
12274,52.411620,13.383040
12277,52.413400,13.375000
12279,52.410600,13.353100
12305,52.403300,13.402100
12307,52.388600,13.390700
12309,52.390500,13.417100
12345,52.442550,13.438525
12347,52.450900,13.428100
12349,52.425300,13.422100
12351,52.432800,13.455500
12353,52.422700,13.458900
12355,52.411000,13.497800
12357,52.429300,13.490500
12359,52.447300,13.453100
12435,52.486600,13.467200
12437,52.462400,13.481700
12439,52.452800,13.528600
12459,52.465600,13.528000
12485,52.433600,13.556900
12487,52.443700,13.505200
12489,52.435600,13.543200
12521,52.389800,13.518000
12524,52.412800,13.541700
12526,52.397600,13.564200
12527,52.385600,13.633900
12529,52.452850,13.451850
12552,52.445400,13.593600
12555,52.462700,13.579100
12557,52.430300,13.592000
12559,52.414900,13.663400
12587,52.458600,13.636200
12589,52.443800,13.703400
12616,52.520167,13.605167
12619,52.523500,13.588300
12621,52.502700,13.587800
12623,52.502600,13.616500
12627,52.537200,13.613500
12629,52.541300,13.590100
12670,52.553300,13.542900
12671,52.527500,13.540000
12677,52.539633,13.552533
12678,49.996600,8.656400
12679,52.550100,13.566000
12681,52.536900,13.536700
12683,52.507500,13.559100
12685,52.539100,13.565000
12687,52.556400,13.564500
12689,52.566500,13.567500
12712,52.386000,13.489500
13047,52.549650,13.456150
13048,52.546000,13.501150
13051,52.581500,13.490800
13053,52.550000,13.504600
13055,52.540100,13.496000
13057,52.571100,13.541500
13059,52.580900,13.521700
13086,52.556500,13.448200
13088,52.560300,13.470800
13089,52.570700,13.441000
13122,52.629350,13.506300
13125,52.632900,13.482900
13127,52.620000,13.438000
13129,52.592100,13.457900
13156,52.582400,13.399700
13158,52.593200,13.383500
13159,52.623000,13.397800
13187,52.569500,13.408400
13189,52.564300,13.421900
13340,52.557700,13.372400
13341,52.527000,13.338500
13342,52.541800,13.366700
13343,52.549700,13.375200
13344,52.538360,13.340140
13347,52.549100,13.365500
13349,52.558000,13.347300
13351,52.550700,13.332800
13353,52.541600,13.349500
13355,52.541600,13.390400
13357,52.550200,13.382800
13359,52.559900,13.385100
13400,52.586450,13.323400
13403,52.573900,13.322400
13405,52.559600,13.296700
13407,52.572700,13.351200
13409,52.567900,13.371400
13435,52.602000,13.345600
13437,52.590500,13.328400
13439,52.597600,13.358400
13465,52.639900,13.289600
13467,52.617100,13.307500
13469,52.611900,13.342200
13496,52.578400,13.294300
13497,52.578400,13.294300
13498,52.531900,13.389900
13499,52.576100,13.295300
13500,52.583520,13.292340
13503,52.612200,13.248800
13505,52.583900,13.240400
13507,52.576500,13.271700
13509,52.589200,13.300600
13565,52.564100,13.220200
13578,52.534070,13.193920
13581,52.531000,13.179400
13583,52.543700,13.182400
13585,52.547700,13.204900
13587,52.576700,13.185400
13589,52.557000,13.167600
13591,52.534500,13.140500
13593,52.514800,13.167200
13595,52.511600,13.196200
13597,52.527200,13.219500
13599,52.546300,13.235000
13619,52.539100,13.218200
13622,52.535500,13.274500
13623,52.537500,13.262200
13624,52.537420,13.263560
13625,52.541650,13.284300
13627,52.539800,13.299100
13629,52.542200,13.266100
13660,52.620300,13.207900
14045,52.516200,13.280400
14046,52.507200,13.278000
14047,52.513200,13.282200
14050,52.520800,13.268300
14052,52.515600,13.256900
14053,52.515900,13.238700
14055,52.502000,13.244700
14057,52.507300,13.287900
14059,52.520500,13.287800
14089,52.470800,13.151600
14107,52.411200,13.129800
14109,52.419700,13.144000
14129,52.446300,13.202600
14131,52.517000,13.400000
14160,52.420800,13.266250
14163,52.436800,13.238500
14165,52.417500,13.253600
14167,52.421200,13.276500
14169,52.449600,13.257300
14191,52.472522,13.298956
14193,52.483100,13.236500
14195,52.458900,13.282900
14197,52.473400,13.311800
14199,52.477700,13.295100
14322,52.400800,13.251500
14328,52.474200,13.302100
14329,52.400100,13.246800
14424,52.415400,12.968700
14425,52.392300,13.082700
14456,52.400800,13.251500
14457,52.507200,13.378500
14458,52.374800,13.013700
14459,52.362400,13.094800
14461,52.403150,13.062450
14462,52.380500,13.086600
14463,52.374800,13.013700
14464,52.377100,13.306300
14465,52.388200,13.078400
14467,52.403000,13.062600
14469,52.409100,12.989900
14471,52.374400,13.010200
14473,52.390800,13.064500
14476,52.458211,12.993756
14478,52.372500,13.091400
14480,52.368900,13.127300
14482,52.387100,13.099300
14510,52.401300,13.243600
14513,52.403100,13.260100
14532,52.351840,13.182080
14542,52.344900,12.851167
14547,52.241550,13.025300
14548,52.338900,12.972200
14550,52.417317,12.797350
14552,52.290600,13.082400
14554,52.272200,13.016700
14557,52.324250,13.064450
14558,52.347200,13.105300
14612,52.560100,13.092700
14621,52.619200,13.126500
14624,52.542700,13.058400
14627,52.542500,12.987900
14641,52.617279,12.843566
14655,52.603800,12.974500
14656,52.583300,13.000000
14662,52.711000,12.614925
14669,52.480900,12.814900
14710,52.604800,12.349100
14712,52.606600,12.337000
14715,52.585464,12.436656
14727,52.527000,12.358350
14728,52.732325,12.374650
14765,52.411800,12.540800
14767,52.409220,12.544180
14770,52.418900,12.522800
14772,52.435800,12.529700
14774,52.386400,12.414400
14776,52.404300,12.568000
14778,52.359465,12.616253
14789,52.370867,12.358833
14793,52.226500,12.363725
14797,52.327100,12.662500
14798,52.492900,12.466700
14806,52.141275,12.605875
14822,52.205917,12.786050
14823,52.068600,12.680500
14827,52.114600,12.455300
14828,52.171800,12.375100
14913,51.944178,13.232044
14929,52.097500,12.872600
14943,52.144167,13.142633
14947,52.111600,13.215200
14959,52.214900,13.185700
14974,52.277900,13.246800
14979,52.358600,13.309900
14980,52.377100,13.306300
15220,52.329800,14.532800
15224,52.291400,14.469700
15227,52.559000,13.441000
15228,52.311200,14.485900
15229,52.339944,14.540711
15230,52.347500,14.553900
15232,52.324100,14.532500
15234,52.364600,14.524400
15236,52.357300,14.404943
15295,52.236325,14.579738
15299,52.177640,14.408440
15306,52.507209,14.365157
15320,52.637460,14.246960
15324,52.682729,14.355614
15326,52.433383,14.460175
15328,52.567788,14.528565
15344,52.578600,13.887400
15345,52.577505,13.962655
15366,52.538225,13.781300
15370,52.512500,13.766650
15372,52.500000,14.133300
15374,52.511400,14.135900
15377,52.597636,14.078450
15378,52.494650,13.852100
15515,52.361800,14.065125
15517,52.382367,14.051667
15518,52.393654,14.159781
15526,52.276540,14.056190
15528,52.361875,13.893488
15537,52.418743,13.827629
15559,52.485900,13.824700
15562,52.470700,13.773600
15566,52.459800,13.705400
15569,52.446000,13.756000
15711,52.286033,13.621800
15712,52.296667,13.704833
15713,52.343100,13.676700
15732,52.362400,13.590533
15738,52.348000,13.621700
15741,52.227325,13.647100
15745,52.316700,13.633300
15746,52.165900,13.659400
15748,52.128450,13.799850
15749,52.297960,13.540700
15752,52.223367,13.804367
15754,52.273743,13.774086
15755,52.150400,13.610000
15757,52.091980,13.703920
15806,52.217871,13.418829
15827,52.329050,13.426100
15831,52.353314,13.451429
15834,52.291300,13.419500
15837,52.050000,13.500000
15838,52.140725,13.404800
15848,52.151593,14.219622
15859,52.227569,13.894806
15864,52.220375,14.075900
15868,52.029557,14.346714
15887,52.165000,14.606000
15888,52.162000,14.627600
15890,52.161469,14.559977
15898,52.062511,14.639174
15907,51.945500,13.885200
15910,52.058200,13.920577
15913,51.971908,14.100233
15926,51.840850,13.696650
15936,51.922850,13.468100
15938,51.946060,13.583940
16222,52.836000,13.807800
16225,52.834200,13.821800
16227,52.833300,13.833300
16230,52.812440,13.785500
16244,52.886550,13.735500
16247,52.982560,13.801060
16248,52.883300,14.021137
16259,52.765231,14.041962
16269,52.691200,14.139433
16278,53.049000,14.005457
16303,53.066000,14.271100
16306,53.175740,14.205740
16307,53.262411,14.367933
16321,52.686971,13.596886
16341,52.638000,13.542500
16348,52.815875,13.515625
16352,52.681467,13.441233
16356,52.633190,13.662960
16359,52.763550,13.604750
16515,52.789130,13.310690
16540,52.668650,13.268550
16547,52.683300,13.283300
16548,52.635100,13.307500
16552,52.636300,13.376000
16556,52.712900,13.276700
16559,52.876050,13.429475
16562,52.672900,13.318600
16565,52.740500,13.262700
16567,52.660100,13.357550
16727,52.637400,13.246000
16759,52.632800,13.210500
16761,52.636000,13.204200
16766,52.672750,13.170950
16767,52.736650,13.181550
16775,53.029070,13.216075
16792,52.986767,13.396567
16798,53.188760,13.172460
16814,52.889500,12.809800
16816,52.928200,12.803100
16818,52.921864,12.772409
16827,52.948300,12.848000
16831,53.105511,12.892478
16833,52.785700,12.773250
16835,52.953988,12.990425
16837,53.155550,12.780567
16845,52.861831,12.474885
16866,52.982800,12.261667
16868,52.883300,12.466700
16909,53.151833,12.480222
16918,53.283300,12.350000
16921,53.150000,12.266700
16928,53.116250,12.184935
16945,53.277075,12.201025
16949,53.232850,12.070900
17030,53.519300,13.258400
17033,53.547600,13.255500
17034,53.576100,13.279700
17036,53.553700,13.296900
17039,53.609085,13.307377
17049,53.575200,13.213400
17050,53.568600,13.267800
17087,53.694200,13.265000
17089,53.757060,13.295750
17091,53.675158,13.114733
17094,53.483588,13.340887
17098,53.670300,13.554000
17099,53.631883,13.488750
17109,53.907600,13.031400
17111,53.855045,13.034823
17121,53.988333,13.167417
17126,53.923900,13.340300
17129,53.884413,13.268287
17139,53.705287,12.748188
17153,53.667680,12.916810
17154,53.822700,12.790100
17159,53.914820,12.851660
17166,53.745211,12.564111
17168,53.867700,12.570383
17179,53.963450,12.682325
17192,53.546918,12.774300
17194,53.601690,12.564380
17207,53.376167,12.591367
17209,53.345857,12.484262
17213,53.449971,12.445529
17214,53.522133,12.403533
17217,53.517356,13.084789
17219,53.520775,12.971100
17235,53.361300,13.072900
17237,53.373833,13.166683
17240,52.505500,13.447300
17248,53.314300,12.736000
17252,53.259450,12.829550
17255,53.242233,12.991900
17258,53.339100,13.418800
17259,53.339100,13.418800
17268,53.118345,13.560950
17279,53.212400,13.314800
17291,53.313164,13.932164
17305,53.508100,14.022100
17306,53.508100,14.022100
17308,53.508100,14.022100
17309,53.502859,14.009353
17321,53.479483,14.230633
17322,53.461500,14.274322
17326,53.399700,14.125300
17328,53.306000,14.226750
17329,53.337900,14.307350
17335,53.510300,13.745100
17337,53.541867,13.788667
17348,53.482433,13.547917
17349,53.535000,13.550243
17358,53.636700,14.009500
17367,53.679700,14.079900
17373,53.737900,14.044700
17375,53.720180,14.089420
17379,53.669844,13.845878
17389,53.856400,13.689700
17390,53.913150,13.653017
17391,53.841627,13.470191
17392,53.771700,13.589136
17398,53.768025,13.752125
17406,53.903150,13.955325
17419,53.897533,14.157150
17424,53.950000,14.166700
17429,53.947640,14.067620
17438,54.052800,13.772000
17440,54.011709,13.789900
17449,54.102300,13.825200
17454,54.066700,13.900000
17459,54.037900,14.003300
17474,54.073500,13.384300
17475,54.093100,13.399400
17489,54.088100,13.387600
17491,54.083000,13.405800
17493,54.090200,13.446400
17495,53.989183,13.565833
17498,54.064710,13.358250
17506,53.948243,13.425814
17509,54.088833,13.599078
18048,54.087000,12.085100
18050,54.088600,12.140800
18051,54.086700,12.135700
18052,54.091300,12.115500
18053,54.092033,12.108300
18055,54.086500,12.154400
18057,54.087200,12.106200
18059,54.028525,12.097625
18060,54.079000,12.220000
18069,54.105250,12.042550
18101,54.079000,12.220000
18106,54.083300,12.133300
18107,54.150950,12.024600
18109,54.147100,12.068900
18119,54.083300,12.133300
18146,54.128200,12.176100
18147,54.124300,12.124300
18181,54.251200,12.251400
18182,54.169880,12.276340
18184,54.111337,12.242813
18190,54.077600,12.375600
18195,54.037056,12.514833
18196,54.017883,12.216683
18198,54.046800,12.038250
18209,54.100860,11.867800
18211,54.119675,11.938825
18225,54.150000,11.750000
18230,54.098725,11.701050
18231,54.031900,11.672500
18233,54.010780,11.684420
18236,54.046167,11.804267
18239,54.006833,11.922267
18246,53.864325,11.947300
18249,53.834260,11.936240
18258,53.930314,12.101314
18271,53.797557,12.180529
18273,53.797200,12.173400
18276,53.784293,12.148120
18279,53.765725,12.394100
18292,53.667400,12.295150
18299,53.908044,12.325889
18311,54.242200,12.456700
18314,54.313340,12.673500
18317,54.310500,12.499400
18320,54.208625,12.600325
18334,54.110843,12.673886
18337,54.154400,12.572600
18347,54.343567,12.399467
18356,54.367467,12.667067
18374,54.435700,12.688800
18375,54.423133,12.570433
18431,54.338000,13.067400
18432,54.308000,13.068800
18435,54.327200,13.064200
18437,54.304100,13.046000
18439,54.302400,13.092800
18442,54.287056,12.945333
18445,54.369950,12.997567
18461,54.191960,12.854300
18465,54.128500,12.770100
18469,54.286950,12.800650
18507,54.112200,13.040500
18510,54.189800,13.073900
18513,54.060517,12.896217
18516,54.076200,13.133300
18519,54.188517,13.213883
18528,54.448900,13.441600
18546,54.512700,13.620000
18551,54.559267,13.543367
18556,54.635240,13.328320
18565,54.549000,13.103600
18569,54.491767,13.254500
18573,54.360875,13.229525
18574,54.306640,13.312100
18581,54.355100,13.476300
18586,54.335186,13.692143
18609,54.383300,13.616700
19020,53.659200,11.360200
19048,53.627610,11.412720
19049,53.651200,11.406700
19050,53.606200,11.425400
19051,53.631200,11.409700
19053,53.631300,11.409200
19055,53.644100,11.410300
19057,53.638200,11.376600
19059,53.641000,11.390500
19061,53.599200,11.404000
19063,53.600700,11.443300
19065,53.614300,11.540500
19067,53.700760,11.529540
19069,53.717167,11.370500
19071,53.685500,11.266400
19073,53.584583,11.278833
19075,53.546967,11.338567
19077,53.483050,11.426125
19079,53.512267,11.528033
19085,53.554700,11.502900
19086,53.551500,11.509300
19089,53.571700,11.685360
19101,53.567500,11.375200
19205,53.685489,11.109622
19209,53.621240,11.174260
19217,53.760306,10.967394
19230,53.414567,11.225295
19243,53.527433,11.071208
19246,53.536300,10.936262
19249,53.306450,11.080550
19258,53.414627,10.782491
19260,53.415100,10.932683
19273,53.336400,10.932175
19288,53.344855,11.418355
19294,53.220150,11.382364
19300,53.256680,11.636930
19303,53.178871,11.220657
19306,53.374567,11.641267
19309,53.096817,11.459450
19322,52.997617,11.782333
19334,52.960400,11.951000
19336,52.969200,12.002500
19339,52.915267,12.130967
19348,53.132582,11.925282
19357,53.177400,11.674550
19367,53.428500,11.830800
19370,53.426300,11.848800
19372,53.371670,11.801170
19374,53.519736,11.799618
19376,53.341725,11.933225
19386,53.454833,12.057908
19395,53.431737,12.229988
19399,53.579286,12.077314
19406,53.689100,11.886287
19412,53.732971,11.682629
19417,53.791060,11.661020
20038,53.554400,9.994600
20066,53.601200,10.026500
20067,53.548400,10.002800
20068,53.546200,10.026200
20069,53.551900,10.017500
20070,53.551900,10.017500
20071,53.601200,10.026500
20072,53.545500,10.026300
20073,53.533400,9.979300
20074,53.551200,10.013800
20076,53.601200,10.026500
20077,53.548400,10.002800
20079,53.550200,10.003200
20080,53.542500,9.984500
20081,53.545200,10.021400
20083,48.105000,11.639400
20084,53.601200,10.026500
20085,53.555800,10.016700
20086,53.548400,10.002800
20087,53.596600,10.061400
20088,53.605800,10.078600
20090,53.547000,10.020300
20091,53.549400,10.008600
20092,53.558500,10.022200
20095,53.549425,10.005850
20097,53.548775,10.019625
20099,53.553333,10.006800
20139,53.569944,9.992211
20140,53.575750,9.990700
20144,53.575020,9.975440
20146,53.570800,9.984000
20148,53.571067,9.989900
20149,53.575000,9.988300
20242,53.564000,9.995100
20243,53.588720,9.974200
20244,53.589900,9.974150
20245,53.579400,9.959900
20246,53.590200,9.978500
20247,53.558500,9.909200
20249,53.586620,9.990160
20251,53.591450,9.989150
20253,53.582900,9.968967
20255,53.584900,9.952680
20257,53.569667,9.946467
20259,53.571800,9.951550
20346,53.554900,9.984000
20347,53.557729,9.982529
20348,53.556300,9.976850
20350,53.552181,9.987638
20351,53.561300,9.993800
20354,53.556750,9.981125
20355,53.552533,9.976500
20357,53.561483,9.958817
20359,53.550575,9.962725
20444,53.545300,9.979600
20445,53.548600,9.990000
20446,53.543400,9.983800
20449,53.561300,9.993800
20450,53.542200,10.001800
20451,53.573500,10.014700
20452,53.548500,9.984600
20453,53.545700,9.993000
20454,53.546200,10.007525
20457,53.540233,9.986417
20459,53.549075,9.982200
20531,53.546100,10.050240
20533,53.550700,10.034000
20535,53.558367,10.044300
20537,53.550800,10.044760
20539,53.526020,10.020020
20901,53.582600,10.045400
20903,53.582600,10.045400
20911,53.559700,9.992300
20912,53.582600,10.045400
20913,53.582600,10.045400
20914,53.582600,10.045400
20915,53.582600,10.045400
21027,53.491643,10.176071
21029,53.463075,10.237725
21031,53.500133,10.209733
21033,53.501725,10.175600
21035,53.491125,10.155450
21037,53.465356,10.142211
21039,53.457314,10.257229
21071,53.462233,9.978667
21073,53.455460,9.966180
21075,53.460580,9.939520
21077,53.435371,9.973929
21079,53.453773,9.981264
21105,53.499625,9.984500
21107,53.515667,9.986233
21109,53.508867,10.018100
21129,53.517187,9.871875
21147,53.477233,9.863433
21149,53.466700,9.867000
21170,53.482400,9.903700
21172,53.327300,10.203600
21175,53.481000,10.205500
21217,53.419300,10.021100
21218,53.400000,9.966700
21220,53.366100,10.048000
21224,53.406500,9.925600
21227,53.335800,9.961500
21228,53.350000,9.983300
21244,53.326400,9.868100
21255,53.275900,9.708500
21256,53.245600,9.839200
21258,53.316700,9.666700
21259,53.240200,9.742500
21261,53.239800,9.801800
21266,53.309700,9.952600
21271,53.279700,9.997900
21272,53.193000,10.063000
21274,53.197100,9.975700
21279,53.359325,9.748000
21332,53.246869,10.404531
21333,53.245300,10.407200
21335,53.232900,10.407800
21337,53.255800,10.439800
21339,53.260400,10.396800
21354,53.289700,10.733700
21357,53.325600,10.390467
21358,53.283300,10.316700
21360,53.274500,10.353700
21365,53.281900,10.437900
21368,53.179233,10.745500
21369,53.173900,10.813800
21371,53.209800,10.819300
21376,53.222300,10.136175
21379,53.308400,10.534775
21380,53.371800,10.487900
21382,53.333300,10.450000
21385,53.126567,10.216767
21386,53.137500,10.312700
21388,53.142800,10.148100
21391,53.251900,10.333900
21394,53.225975,10.296575
21395,53.396400,10.410800
21397,53.213500,10.533600
21398,53.265200,10.621300
21400,53.234500,10.573200
21401,53.233300,10.666700
21403,53.216700,10.466700
21406,53.158300,10.383350
21407,53.200000,10.433300
21409,53.176100,10.346300
21421,53.364200,10.191400
21423,53.382550,10.236750
21435,53.384200,10.111400
21436,53.415200,10.375200
21438,53.299700,10.048600
21439,53.312100,10.004100
21441,53.284700,10.161400
21442,53.264300,10.114500
21444,53.266700,10.216700
21445,53.300000,10.150000
21447,53.340800,10.346500
21449,53.316700,10.283300
21462,53.521010,10.241040
21465,53.508500,10.249400
21481,53.381100,10.538833
21483,53.422833,10.546289
21493,53.551392,10.510546
21500,53.428000,10.382413
21502,53.446450,10.415325
21509,53.544100,10.200500
21514,53.512400,10.640850
21516,53.525700,10.594975
21521,53.515100,10.319967
21522,53.355600,10.569550
21524,53.493300,10.425200
21526,53.476500,10.364600
21527,53.466700,10.466700
21529,53.489800,10.317000
21614,53.467200,9.686400
21629,53.422700,9.789600
21635,53.532000,9.680800
21640,53.497500,9.585550
21641,53.433300,9.616700
21643,53.416700,9.616700
21644,53.383300,9.600000
21646,53.355300,9.598500
21647,53.406200,9.698800
21649,53.383300,9.650000
21676,53.601600,9.482100
21677,53.603617,9.475833
21680,53.590800,9.484800
21682,53.608400,9.468800
21683,53.600000,9.483300
21684,53.580350,9.507550
21698,53.456900,9.445433
21702,53.400000,9.450000
21706,53.710100,9.384600
21709,53.609767,9.307167
21710,53.666700,9.333300
21712,53.683300,9.266700
21714,53.616700,9.366700
21717,53.526300,9.423650
21720,53.556725,9.614025
21723,53.600000,9.550000
21726,53.591033,9.263100
21727,53.576000,9.202700
21729,53.833300,9.283300
21730,53.833300,9.133300
21732,53.830800,9.203800
21734,53.802700,9.236800
21737,53.783300,9.316700
21739,53.533300,9.550000
21745,53.687000,9.154900
21755,53.640400,9.239400
21756,53.700000,9.200000
21762,53.793600,8.920950
21763,53.777000,8.893600
21765,53.766700,8.833300
21769,53.605533,9.088900
21770,53.650000,9.033300
21772,53.661200,8.972300
21775,53.704067,8.914267
21776,53.750000,8.800000
21781,53.769300,9.062700
21782,53.746100,8.978100
21784,53.800000,9.083300
21785,53.808550,9.016750
21787,53.750000,9.150000
21789,53.735700,9.080500
22032,53.576500,10.079200
22033,48.191500,11.656800
22034,53.576500,10.079200
22035,53.580200,10.121100
22036,53.589400,10.093200
22037,53.592100,10.107200
22039,53.577986,10.083857
22041,53.574950,10.091425
22043,53.573150,10.113075
22045,53.582333,10.124133
22047,53.591700,10.095550
22049,53.580900,10.069433
22078,53.573900,10.012200
22079,53.566900,10.058700
22081,53.575800,10.036400
22083,53.577500,10.038900
22085,53.576167,10.027167
22087,53.565320,10.033720
22089,53.566083,10.059350
22102,53.546900,10.085500
22111,53.540725,10.105975
22113,53.522867,10.126956
22115,53.526033,10.156600
22117,53.540000,10.126100
22119,53.548167,10.112200
22139,53.660600,10.312400
22140,53.655400,10.291600
22143,53.607900,10.179750
22145,53.609600,10.185180
22147,53.609200,10.148100
22149,53.594467,10.149067
22159,53.614940,10.113280
22175,53.616950,10.085700
22177,53.611233,10.071633
22179,53.609000,10.085950
22222,53.561500,9.911600
22276,53.601300,10.017800
22277,53.604400,10.027100
22278,53.606100,10.016400
22279,53.604400,10.027100
22280,53.604400,10.027100
22281,53.601300,9.990200
22282,53.564300,9.940500
22283,53.604400,10.027100
22284,53.620600,10.014500
22287,53.601300,10.017800
22288,53.578200,9.998800
22290,53.606900,10.019100
22291,53.599533,10.027483
22292,53.605600,10.020089
22293,53.583300,10.028400
22294,53.586700,10.050600
22297,53.602620,10.017700
22299,53.595500,10.006900
22301,53.589800,10.007600
22303,53.591900,10.029967
22305,53.590000,10.038800
22307,53.597650,10.046550
22309,53.610560,10.057080
22331,53.628836,10.020893
22332,53.621700,9.997000
22335,53.619520,10.014300
22337,53.620333,10.029633
22339,53.644533,10.035967
22357,53.655300,10.104700
22359,53.644925,10.160250
22389,53.657400,10.080450
22391,53.640286,10.077286
22393,53.642200,10.097000
22395,53.669680,10.115080
22397,53.698475,10.107225
22399,53.663875,10.070250
22413,53.673500,10.009167
22415,53.647675,10.020200
22417,53.661433,10.030467
22419,53.664800,10.007000
22451,53.626408,9.957975
22453,53.616075,9.983375
22455,53.631900,9.948900
22457,53.624550,9.929975
22459,53.626400,9.938400
22520,53.594867,9.944900
22521,53.589367,9.928100
22523,53.607900,9.909700
22525,53.587417,9.918167
22527,53.593000,9.940380
22529,53.599114,9.964714
22545,53.582075,9.862362
22547,53.586280,9.886960
22549,53.579900,9.872800
22557,53.581650,9.769600
22559,53.588900,9.760750
22585,53.564800,9.808800
22587,53.569433,9.812283
22589,53.575500,9.818040
22603,53.573900,9.883800
22605,53.560425,9.890325
22607,53.562340,9.882860
22609,53.562900,9.869640
22743,53.558500,9.909200
22744,53.560300,9.959100
22745,53.542200,10.001800
22746,53.561500,9.911600
22747,53.555700,9.942700
22748,53.546100,9.936900
22750,53.564000,9.995100
22754,53.553900,9.936200
22755,53.561700,9.945700
22756,53.557600,10.020700
22758,53.557283,9.907600
22761,53.567850,9.910400
22763,53.554000,9.904867
22765,53.554875,9.933550
22767,53.551825,9.941475
22769,53.565557,9.943743
22776,53.548600,10.019000
22777,53.548600,10.019000
22778,53.548600,10.019000
22779,53.548600,10.019000
22780,50.144800,8.559900
22781,48.738500,9.109600
22782,53.574500,9.887000
22783,53.604400,10.027100
22785,53.566000,9.936400
22787,53.601200,10.026500
22788,53.548600,10.019000
22789,53.548600,10.019000
22790,53.649400,10.034700
22791,53.558500,9.909200
22792,53.561600,9.916400
22794,53.574000,9.887400
22795,53.582200,10.028000
22796,53.550500,9.990600
22797,53.549600,9.978200
22799,53.601200,10.026500
22839,53.669300,9.968300
22841,53.755950,9.968100
22842,53.674758,9.990726
22844,53.724600,10.012400
22846,53.709900,9.994600
22848,53.673600,9.983300
22850,53.685500,9.997600
22851,53.687400,10.036600
22865,53.594200,9.835000
22866,53.586875,9.883637
22867,53.594200,9.835000
22869,53.600000,9.850000
22876,53.575033,9.733967
22880,53.583700,9.698400
22885,53.566700,10.166700
22889,53.733300,10.083300
22923,53.680320,10.247660
22926,53.675200,10.225900
22927,53.666700,10.283300
22929,53.632913,10.394300
22939,53.729600,10.265800
22941,53.730950,10.241800
22946,53.604867,10.384383
22949,53.700000,10.200000
22952,53.650000,10.366700
22955,53.650000,10.316700
22956,53.641600,10.407800
22958,53.583300,10.400000
22959,53.644500,10.468500
22962,53.633300,10.300000
22964,53.716700,10.400000
22965,53.694600,10.347800
22967,53.743800,10.310200
22969,53.566700,10.333300
23533,53.848200,10.672800
23538,53.836400,10.711100
23539,53.869600,10.687100
23540,53.852500,10.680900
23541,53.851400,10.680500
23542,53.856600,10.669500
23543,53.854900,10.631400
23544,53.864100,10.650400
23546,53.871900,10.666400
23547,53.862863,10.681987
23552,53.868500,10.685400
23554,53.876000,10.674800
23556,53.867200,10.647800
23558,53.860600,10.661100
23560,53.847100,10.684500
23562,53.851100,10.702800
23564,53.870500,10.698600
23566,53.865800,10.731600
23568,53.892200,10.758300
23569,53.916700,10.807300
23570,53.866700,10.700000
23590,53.863400,10.604200
23611,53.918900,10.696900
23615,53.890100,10.632000
23616,53.890100,10.632000
23617,53.892200,10.647100
23619,53.872217,10.536117
23623,54.008600,10.574300
23626,53.950000,10.733300
23627,53.783350,10.741650
23628,53.775000,10.658350
23629,54.002800,10.710100
23669,53.995300,10.776800
23683,54.034500,10.732200
23684,54.033300,10.750000
23689,53.986100,10.708000
23701,54.101450,10.674250
23714,54.186150,10.621500
23715,54.097900,10.435700
23717,54.166700,10.716700
23719,54.050000,10.516700
23730,54.110100,10.824450
23738,54.218929,10.898400
23743,54.150000,10.966700
23744,54.183300,10.750000
23746,54.193400,11.061600
23747,54.216700,11.083300
23749,54.233300,11.033300
23758,54.294775,10.887900
23769,54.437800,11.193500
23774,54.369600,10.980200
23775,54.383300,11.083300
23777,54.301000,11.006600
23779,54.323800,11.014400
23791,53.938200,10.298800
23792,53.934467,10.309267
23795,53.937207,10.307743
23812,53.951600,10.206300
23813,54.013050,10.340250
23815,53.923767,10.458433
23816,53.865750,10.269100
23818,53.900000,10.383300
23820,53.950000,10.466700
23821,53.966700,10.388900
23823,54.050000,10.416700
23824,54.054500,10.317650
23826,53.895767,10.186567
23827,53.994433,10.405567
23829,53.911000,10.227000
23840,53.804507,10.382129
23841,53.809100,10.382400
23843,53.807075,10.335200
23845,53.850638,10.281100
23847,53.753988,10.491006
23858,53.831460,10.495820
23860,53.808350,10.558350
23863,53.770333,10.171400
23864,53.799100,10.134700
23866,53.800000,10.133300
23867,53.800000,10.233300
23869,53.766700,10.266700
23879,53.617000,10.687400
23881,53.621214,10.611114
23883,53.603588,10.787525
23896,53.654640,10.586780
23898,53.689787,10.532737
23899,53.544450,10.751750
23909,53.697571,10.748471
23911,53.701945,10.772709
23919,53.720520,10.641780
23923,53.830425,10.915987
23935,53.826400,11.227200
23936,53.843846,11.154369
23942,53.946875,10.979925
23944,53.987800,11.201900
23946,53.983300,11.216700
23948,53.939620,11.168340
23952,53.888400,11.462200
23966,53.892000,11.463600
23968,53.903020,11.369980
23970,53.892650,11.517050
23972,53.838760,11.488980
23974,53.961300,11.549820
23992,53.896167,11.702000
23996,53.800740,11.413120
23999,54.000000,11.433300
24088,54.315500,10.128200
24090,54.275200,10.161200
24091,54.321800,10.134000
24094,54.344700,10.132600
24095,54.333200,10.139200
24096,54.333200,10.139200
24097,54.315400,10.131500
24098,54.338300,10.128300
24099,54.321800,10.134000
24100,54.326147,10.126253
24103,54.320500,10.132700
24105,54.334700,10.134800
24106,54.350600,10.120500
24107,54.335833,10.055300
24109,54.318600,10.042150
24111,54.333300,10.133300
24113,54.283850,10.091350
24114,54.315700,10.130200
24116,54.325300,10.121200
24118,54.333400,10.117600
24119,54.333300,10.083300
24130,54.308500,10.138400
24131,54.309000,10.132700
24143,54.306100,10.144800
24145,54.333300,10.133300
24146,54.333300,10.133300
24147,54.321150,10.173500
24148,54.318700,10.170300
24149,54.333300,10.133300
24159,54.397300,10.150500
24161,54.400000,10.133300
24180,54.275200,10.161200
24211,54.227444,10.271489
24214,54.402386,9.971429
24217,54.387778,10.371533
24220,54.228620,10.084540
24222,54.294400,10.216700
24223,54.281300,10.249100
24226,54.366700,10.200000
24229,54.442600,10.125333
24232,54.326100,10.256700
24235,54.402420,10.261240
24238,54.276375,10.427575
24239,54.313200,9.966100
24241,54.213883,10.016667
24242,54.300000,9.933300
24244,54.416700,10.050000
24245,54.219375,10.156875
24247,54.283300,10.033350
24248,54.350000,10.183300
24250,54.185750,10.177325
24251,54.433300,10.016700
24253,54.365375,10.309425
24254,54.255600,10.024500
24256,54.334933,10.366967
24257,54.358100,10.476233
24259,54.274500,9.895800
24300,54.283500,10.162200
24306,54.175820,10.424660
24321,54.316212,10.574737
24326,54.123600,10.345150
24327,54.260700,10.636067
24329,54.230233,10.519667
24340,54.460360,9.827660
24349,54.585700,10.021925
24351,54.582850,9.926300
24354,54.523600,9.786700
24357,54.477767,9.694467
24358,54.422200,9.705733
24360,54.500000,9.833300
24361,54.396660,9.750000
24363,54.400000,9.850000
24364,54.550000,9.883300
24366,54.516700,9.883300
24367,54.450000,9.750000
24369,54.533300,9.983300
24376,54.668900,9.939600
24392,54.639373,9.796755
24395,54.742871,9.907143
24398,54.622600,9.959975
24399,54.630400,9.931600
24401,54.650000,9.716700
24402,54.716700,9.783300
24404,54.683300,9.983300
24405,54.675000,9.741700
24407,54.650000,9.850000
24409,54.700000,9.883300
24530,54.068100,9.986800
24531,54.069573,9.989080
24534,54.072500,9.982800
24536,54.103850,10.013950
24537,54.089300,9.977900
24539,54.061400,9.998200
24558,53.794150,10.028900
24568,53.843040,9.981100
24576,53.918717,9.855733
24582,54.174012,10.041213
24589,54.179650,9.876717
24594,54.096345,9.681573
24598,53.994467,10.061100
24601,54.110875,10.224350
24610,54.044450,10.205950
24613,54.063450,9.772050
24616,53.990486,9.824914
24619,54.066667,10.227767
24620,54.083300,10.066700
24622,54.133300,9.816700
24623,53.983300,9.966700
24625,54.129800,10.062200
24626,54.050000,10.083300
24628,53.898600,10.059500
24629,53.816700,10.016700
24631,54.210300,9.927600
24632,53.850000,9.866650
24634,54.041650,9.891700
24635,54.016700,10.208350
24637,54.116700,10.133300
24638,54.083000,10.270500
24640,53.891650,9.975000
24641,53.841900,10.104067
24643,53.866700,10.050000
24644,54.141000,9.925867
24646,54.216700,9.883300
24647,54.062150,9.898700
24649,53.950950,9.894900
24768,54.306600,9.663100
24782,54.325850,9.669800
24783,54.290100,9.699000
24784,54.283300,9.650000
24787,54.300000,9.600000
24790,54.312440,9.759380
24791,54.366700,9.650000
24793,54.172233,9.755567
24794,54.355367,9.708733
24796,54.329700,9.868733
24797,54.219400,9.553500
24799,54.313680,9.425480
24800,54.266700,9.516700
24802,54.238000,9.837333
24803,54.291650,9.325000
24805,54.220950,9.484350
24806,54.295825,9.491675
24808,54.233300,9.666700
24809,54.266700,9.616700
24811,54.406100,9.634933
24813,54.266700,9.633300
24814,54.366700,9.816700
24816,54.170850,9.654175
24817,54.350000,9.500000
24819,54.154150,9.575000
24837,54.521600,9.558600
24848,54.412500,9.470825
24850,54.522233,9.488867
24852,54.604175,9.337500
24855,54.574700,9.407550
24857,54.500000,9.633350
24860,54.616667,9.577767
24861,54.383300,9.316700
24863,54.400000,9.383300
24864,54.541650,9.716700
24866,54.491100,9.550000
24867,54.483300,9.500000
24869,54.433300,9.366700
24870,54.474900,9.411400
24872,54.441500,9.435100
24873,54.650000,9.516700
24875,54.661600,9.559200
24876,54.459300,9.337000
24878,54.453250,9.552150
24879,54.566650,9.525000
24881,54.566700,9.583300
24882,54.550000,9.633300
24884,54.466700,9.591700
24885,54.641500,9.469500
24887,54.516700,9.383300
24888,54.608350,9.725000
24890,54.591650,9.566650
24891,54.640500,9.644350
24893,54.566700,9.683300
24894,54.589950,9.660850
24896,54.500000,9.316700
24897,54.566700,9.750000
24899,54.406100,9.298900
24927,54.792900,9.423700
24930,54.776100,9.387900
24932,54.813300,9.464500
24933,54.776100,9.387900
24937,54.786200,9.430600
24939,54.798300,9.420600
24941,54.751150,9.414500
24943,54.779100,9.475300
24944,54.809200,9.469800
24945,54.791700,9.439400
24955,54.800000,9.383300
24960,54.817600,9.557600
24963,54.661700,9.384600
24966,54.716700,9.666700
24969,54.700000,9.225000
24972,54.757100,9.753567
24975,54.756675,9.551875
24976,54.764500,9.315300
24977,54.798625,9.637800
24980,54.753780,9.182360
24983,54.764500,9.315300
24986,54.758400,9.588750
24988,54.709000,9.428350
24989,54.778000,9.679800
24991,54.713750,9.505400
24992,54.616650,9.300000
24994,54.824267,9.178850
24996,54.721600,9.734500
24997,54.683300,9.333300
24999,54.806200,9.517000
25320,53.756400,9.662100
25333,53.750511,9.668911
25335,53.758640,9.621280
25336,53.735650,9.656700
25337,53.749400,9.704233
25348,53.790733,9.441933
25355,53.789950,9.765117
25358,53.821167,9.592267
25361,53.828225,9.505450
25364,53.860125,9.707400
25365,53.797500,9.686500
25368,53.783300,9.616700
25370,53.717800,9.598000
25371,53.700000,9.566700
25373,53.726000,9.769300
25376,53.833300,9.450000
25377,53.729400,9.478800
25379,53.783300,9.483300
25389,53.744300,9.702600
25392,53.745000,9.700200
25404,53.659000,9.801000
25421,53.659100,9.800900
25429,53.693400,9.654200
25436,53.690733,9.666750
25437,53.703900,9.731000
25450,53.745300,9.941600
25451,53.728300,9.909300
25462,53.641300,9.864700
25469,53.633300,9.850000
25474,53.673200,9.901133
25479,53.750000,9.916700
25482,53.658100,9.745800
25485,53.775433,9.859733
25486,53.783300,9.916700
25488,53.616700,9.666700
25489,53.649800,9.605800
25491,53.607100,9.637200
25492,53.650000,9.650000
25494,53.683300,9.816700
25495,53.692600,9.791000
25497,53.683300,9.750000
25499,53.677100,9.848800
25518,53.959600,9.484000
25520,53.935200,9.497700
25521,53.935200,9.497700
25522,53.931700,9.520200
25524,53.918786,9.518943
25541,53.895000,9.104800
25548,53.959700,9.707814
25551,53.981729,9.621300
25554,53.942383,9.375400
25557,54.123075,9.418950
25560,54.052164,9.465973
25563,53.925680,9.763020
25566,53.875150,9.584500
25569,53.884050,9.457100
25572,53.927017,9.250983
25573,53.879400,9.413100
25575,54.116700,9.533300
25576,53.863800,9.323100
25578,53.872000,9.532650
25579,54.000450,9.754150
25581,54.033300,9.708350
25582,54.002925,9.510050
25584,54.045850,9.354050
25585,54.158300,9.483300
25587,53.902300,9.541200
25588,53.978400,9.442500
25590,54.108200,9.574400
25591,53.971100,9.504200
25593,54.058350,9.558300
25594,53.990967,9.369733
25596,54.029225,9.381000
25597,53.912180,9.624500
25599,53.850000,9.400000
25693,53.993550,9.085300
25704,54.093000,9.079186
25709,53.954483,8.986917
25712,54.004286,9.230643
25715,53.951625,9.133550
25718,54.016700,8.916700
25719,54.028950,9.043850
25721,54.050000,9.266700
25724,53.905567,9.011133
25725,54.091650,9.316650
25727,54.049800,9.191400
25729,54.050000,9.116700
25742,54.194700,9.124900
25744,54.202200,9.100200
25746,54.202000,9.077600
25761,54.152017,8.873100
25764,54.204591,8.915273
25767,54.155029,9.303543
25770,54.153000,9.063750
25774,54.309333,9.008150
25776,54.313467,9.061600
25779,54.274233,9.158067
25782,54.218350,9.275925
25785,54.140767,9.186900
25786,54.233300,9.366700
25788,54.291200,9.247300
25791,54.241650,9.183300
25792,54.251600,8.979100
25794,54.264200,9.323900
25795,54.250500,9.070500
25797,54.166700,9.000000
25799,54.213100,9.382100
25813,54.457700,9.061900
25821,54.605371,8.985771
25826,54.303600,8.641400
25832,54.326050,8.923400
25836,54.327763,8.784525
25840,54.379500,9.076700
25842,54.679175,8.929175
25845,54.506750,8.885100
25849,54.516100,8.645100
25850,54.566700,9.241700
25852,54.633300,8.933300
25853,54.594433,9.055567
25855,54.600000,9.183300
25856,54.538867,9.011100
25858,54.650000,9.066700
25859,54.570000,8.548100
25860,54.530500,9.088833
25862,54.658325,9.129150
25863,54.633300,8.633300
25864,54.621600,9.172600
25866,54.466700,9.100000
25868,54.360000,9.240800
25869,54.633300,8.716700
25870,54.388150,8.918400
25872,54.465350,9.217150
25873,54.443700,9.149000
25875,54.509200,9.006200
25876,54.395683,9.200017
25878,54.361150,9.162250
25879,54.350000,9.216700
25881,54.360025,8.700625
25882,54.352100,8.827900
25884,54.588300,9.163967
25885,54.489420,9.224520
25887,54.433300,9.200000
25889,54.407650,8.953600
25899,54.777200,8.808340
25917,54.770633,9.007517
25920,54.748300,8.898300
25923,54.853700,8.895457
25924,54.857600,8.677600
25926,54.843525,9.009525
25927,54.871400,8.751200
25938,54.710117,8.478308
25946,54.652500,8.358667
25980,54.871567,8.336000
25992,55.019200,8.431300
25996,54.935800,8.330000
25997,54.757300,8.288300
25999,54.954100,8.341700
26060,48.132500,11.620300
26066,49.593800,11.006700
26090,53.109400,8.263000
26101,53.148700,8.200000
26102,53.111800,8.210200
26105,53.152400,8.187600
26106,53.138800,8.202800
26107,53.146600,8.217100
26108,53.139300,8.196300
26109,53.141200,8.225300
26110,53.188000,8.227000
26111,53.148800,8.182300
26114,53.110700,8.209400
26119,53.158325,8.181675
26121,53.159900,8.205000
26122,53.140700,8.217100
26123,53.156700,8.233300
26125,53.169800,8.225000
26127,53.168400,8.210600
26129,53.154700,8.170600
26131,53.131000,8.182800
26133,53.115600,8.215900
26135,53.126700,8.238400
26158,53.185800,8.026400
26160,53.171700,8.041400
26169,53.022600,7.857600
26177,53.279900,8.158300
26178,53.262600,8.173150
26180,53.250000,8.200000
26188,53.122800,8.113800
26197,52.943800,8.253200
26203,53.066700,8.200000
26209,53.016700,8.350000
26215,53.250000,8.116700
26219,53.000000,7.950000
26316,53.383891,8.119023
26340,53.400233,7.962767
26345,53.385320,8.017120
26349,53.384400,8.241000
26379,53.529167,8.129200
26380,53.521567,8.118767
26382,53.523400,8.107500
26384,53.539500,8.144100
26386,53.556800,8.126600
26388,53.577000,8.102100
26389,53.524100,8.086700
26392,53.516300,8.122600
26409,53.588733,7.759880
26419,53.539154,7.960285
26425,53.691800,7.691500
26427,53.636957,7.644000
26434,53.650417,7.945350
26441,53.571800,7.893800
26446,53.463564,7.847686
26452,53.495929,8.015857
26465,53.750000,7.483300
26474,53.770100,7.694800
26486,53.790000,7.899400
26487,53.574300,7.533000
26489,53.606900,7.516167
26506,53.582650,7.192158
26524,53.603960,7.288480
26529,53.523933,7.274933
26532,53.593100,7.363375
26548,53.708300,7.158200
26553,53.654767,7.430133
26556,53.591980,7.453380
26571,53.677900,6.995800
26579,53.728400,7.371400
26603,53.471900,7.477500
26605,53.473025,7.530325
26607,53.483900,7.515100
26623,53.500400,7.387500
26624,53.475527,7.351636
26629,53.397380,7.592913
26632,53.410225,7.402933
26639,53.413583,7.719867
26653,53.255225,7.929400
26655,53.256800,7.927400
26670,53.305500,7.751200
26676,53.169800,7.750100
26683,53.103300,7.682500
26689,53.226200,7.748900
26721,53.370100,7.203100
26723,53.366700,7.216700
26725,53.352800,7.218400
26736,53.439700,7.091185
26757,53.580900,6.691500
26759,53.421489,7.195633
26786,53.232000,7.458500
26787,53.232411,7.463067
26789,53.234800,7.475200
26802,53.311400,7.423000
26810,53.169200,7.461400
26817,53.136200,7.574700
26826,53.163300,7.350500
26831,53.186540,7.268520
26835,53.305017,7.606517
26842,53.133300,7.616700
26844,53.266700,7.383300
26845,53.246100,7.571800
26847,53.209300,7.674000
26849,53.242100,7.627900
26869,53.082060,7.389920
26871,53.077400,7.404400
26892,52.963280,7.340480
26897,52.990950,7.630100
26899,53.060200,7.271300
26901,52.919200,7.676150
26903,52.978000,7.515300
26904,52.912100,7.535800
26906,52.961100,7.273900
26907,52.927200,7.283200
26909,52.981350,7.431350
26919,53.325200,8.465000
26930,53.236900,8.459900
26931,53.237500,8.456600
26935,53.383300,8.383300
26936,53.383300,8.383300
26937,53.383300,8.383300
26939,53.341900,8.421800
26954,53.486100,8.480900
26969,53.547200,8.335000
27209,52.824200,8.699100
27211,52.850600,8.727900
27232,52.683700,8.809500
27239,52.799300,8.641600
27243,52.908788,8.587262
27245,52.594933,8.814500
27246,52.664600,9.020100
27248,52.750000,8.700000
27249,52.699600,8.890750
27251,52.754800,8.758550
27252,52.737700,8.830300
27254,52.704800,8.953150
27257,52.788350,8.859700
27259,52.624467,8.691833
27270,52.926400,9.282200
27279,52.923300,9.239700
27280,52.922700,9.239200
27281,52.921527,9.237727
27283,52.920800,9.248000
27298,52.983900,9.183800
27299,52.978600,9.185400
27305,52.828200,8.943667
27308,52.942400,9.318100
27313,52.850000,9.233300
27317,52.805400,9.135400
27318,52.830367,9.130100
27321,52.951167,9.021000
27324,52.780675,9.231800
27327,52.887850,9.038750
27330,52.772200,9.004900
27333,52.754033,9.139000
27336,52.787200,9.401833
27337,52.916700,9.133300
27339,52.966700,8.950000
27356,53.119900,9.423800
27357,53.094100,9.448000
27367,53.116486,9.259600
27374,52.985500,9.582600
27383,53.166700,9.483300
27386,53.065000,9.476000
27389,53.199460,9.582620
27400,53.279900,9.309300
27404,53.292843,9.255857
27412,53.232275,9.114675
27419,53.297256,9.502056
27432,53.495217,9.045950
27442,53.383300,9.000000
27446,53.401400,9.239160
27449,53.481500,9.321200
27470,53.862500,8.697500
27472,53.858400,8.709000
27474,53.855500,8.677300
27476,53.861000,8.648300
27478,53.818700,8.664000
27498,54.181400,7.886300
27499,53.916700,8.500000
27554,53.542600,8.580300
27568,53.568700,8.574100
27570,53.528600,8.590700
27572,53.500200,8.604700
27574,53.529900,8.609800
27576,53.554500,8.593300
27578,53.588700,8.597700
27580,53.568500,8.596800
27607,53.605500,8.595100
27612,53.466700,8.650000
27616,53.436633,8.808011
27619,53.533300,8.650000
27624,53.597262,8.819600
27628,53.349017,8.619483
27637,53.783300,8.600000
27638,53.650000,8.516700
27639,53.697183,8.558967
27709,53.227600,8.780075
27711,53.227000,8.795300
27721,53.182900,8.735500
27726,53.216700,8.933300
27729,53.339260,8.830020
27747,53.046029,8.623014
27749,53.050900,8.629100
27751,53.048000,8.660600
27753,53.062800,8.623600
27755,53.027500,8.638500
27777,53.033300,8.533300
27793,52.894500,8.433800
27798,53.116700,8.466700
27801,52.933300,8.383300
27804,53.181400,8.482200
27809,53.166700,8.616700
28100,53.080400,8.795700
28101,53.087700,8.784600
28102,53.082900,8.868700
28103,53.082100,8.788500
28104,53.231600,8.699000
28105,53.080700,8.801400
28107,53.080300,8.732000
28111,53.073800,8.805300
28163,53.076600,8.803500
28174,53.076100,8.803200
28177,53.075100,8.837400
28178,53.060100,8.904000
28181,53.069200,8.786500
28182,53.018100,8.877900
28183,53.054300,8.798400
28184,53.073500,8.811600
28185,53.076100,8.803700
28187,53.073000,8.866900
28188,53.069800,8.868500
28189,53.079529,8.814947
28190,53.060100,8.904000
28192,53.140900,8.703800
28195,53.088900,8.790600
28197,53.085400,8.746300
28199,53.061800,8.790000
28201,53.057700,8.803600
28203,53.071100,8.831700
28205,53.070900,8.846000
28207,53.068700,8.869700
28209,53.084100,8.827100
28211,53.085900,8.854900
28213,53.109400,8.781400
28215,53.092600,8.807300
28217,53.093800,8.783000
28219,53.103600,8.787500
28237,53.116500,8.759500
28239,53.124000,8.746400
28259,53.054300,8.745700
28275,53.083100,8.806700
28277,53.109400,8.781400
28279,53.048300,8.838300
28305,53.050343,8.900657
28307,53.044100,8.955800
28309,53.051500,8.889600
28323,53.075938,8.885925
28325,53.109400,8.781400
28327,53.081000,8.892500
28329,53.081500,8.872100
28335,53.054000,8.746000
28353,53.109740,8.851840
28355,53.100100,8.902900
28357,53.117800,8.894700
28359,53.100300,8.875200
28363,53.085100,8.799200
28365,53.067377,8.789408
28366,53.079100,8.799400
28375,53.173200,8.636900
28390,53.107100,8.865500
28700,53.051800,8.774800
28717,53.173500,8.704500
28719,53.172800,8.713500
28751,53.141900,8.705100
28755,53.109400,8.781400
28757,53.109400,8.781400
28759,53.109400,8.781400
28777,53.109400,8.781400
28779,53.109400,8.781400
28788,53.224800,8.576900
28790,53.232100,8.540700
28816,53.033300,8.750000
28832,53.014200,9.026300
28844,52.989000,8.831400
28855,52.914233,8.821067
28857,52.913500,8.822100
28865,53.141900,8.903400
28869,53.062700,9.172800
28870,53.129200,9.106800
28876,53.050000,9.016700
28879,53.183300,8.983300
29216,52.634300,10.081700
29218,52.613000,10.066200
29219,52.638100,10.049800
29220,52.619500,10.088000
29221,52.617500,10.085000
29223,52.633300,10.084200
29225,52.612200,10.040200
29227,52.611000,10.099300
29229,52.616700,10.083300
29270,52.641600,10.104100
29303,52.808400,9.963700
29308,52.683700,9.909500
29313,52.633300,9.983300
29320,52.832500,10.089600
29323,52.650000,9.833300
29328,52.900000,10.166700
29331,52.616700,10.250000
29336,52.557000,10.102100
29339,52.536900,10.150700
29342,52.580200,10.188600
29345,52.834700,10.296900
29348,52.725800,10.259350
29351,52.683300,10.333300
29352,52.564000,10.060400
29353,52.610700,10.285300
29355,52.642900,10.259100
29356,52.516300,10.215100
29358,52.550400,10.184400
29359,52.708600,10.227400
29361,52.683300,10.250000
29362,52.587200,10.376000
29364,52.555900,10.282900
29365,52.766700,10.491800
29367,52.683300,10.400000
29369,52.591100,10.431900
29377,52.665300,10.683900
29378,52.728100,10.739100
29379,52.733300,10.716700
29386,52.733233,10.565700
29389,52.833300,10.683300
29392,52.600000,10.533300
29393,52.647600,10.463700
29394,52.808800,10.666100
29396,52.633300,10.633300
29399,52.616700,10.600000
29410,52.852200,11.192900
29413,52.798920,10.943307
29416,52.798200,11.238252
29439,52.968100,11.154000
29451,53.091660,11.100910
29456,53.149830,11.001740
29459,52.951441,10.941681
29462,52.923700,11.128500
29465,52.884418,10.871664
29468,52.889750,10.939650
29471,53.018625,11.445213
29472,53.141267,11.169200
29473,53.127176,10.930582
29475,53.047900,11.366867
29476,53.074467,11.201217
29478,53.058750,11.435067
29479,53.042715,11.050446
29481,53.084280,10.998560
29482,53.010011,11.035156
29484,53.100900,11.255800
29485,52.916700,11.333300
29487,52.927500,11.048600
29488,52.911600,11.181000
29490,53.229000,10.885300
29491,52.966700,11.400000
29493,53.037300,11.564500
29494,53.000000,11.316700
29496,52.997050,10.965477
29497,52.950000,11.216700
29499,53.068500,10.883200
29523,52.968862,10.556338
29525,52.965700,10.561100
29549,53.079200,10.581300
29553,53.141600,10.486800
29556,52.895900,10.451400
29559,52.904300,10.574900
29562,52.933300,10.766700
29565,53.031300,10.298500
29568,52.885300,10.658700
29571,52.986600,10.751800
29574,53.027800,10.418400
29575,53.130500,10.601600
29576,53.050000,10.516700
29578,52.966000,10.313200
29579,53.020200,10.564600
29581,52.966700,10.416700
29582,53.050000,10.366700
29584,53.094200,10.729100
29585,53.101300,10.522400
29587,53.079800,10.470300
29588,53.019200,10.675700
29590,52.975800,10.675400
29591,53.100000,10.650000
29593,53.005600,10.445400
29594,52.873700,10.761600
29596,52.875700,10.556200
29597,53.066700,10.783300
29599,53.059400,10.702800
29611,52.965100,9.855700
29612,52.965100,9.855700
29614,52.986400,9.843400
29633,52.985700,10.087600
29640,53.116800,9.795200
29643,53.032600,9.706400
29646,53.083100,9.997700
29649,52.916700,9.983300
29664,52.861500,9.592600
29683,52.849700,9.688000
29690,52.680067,9.628167
29693,52.751600,9.569980
29699,52.900000,9.650000
30125,52.371300,9.805600
30126,52.375000,9.742800
30127,52.382100,9.754200
30130,52.370900,9.765200
30131,52.416200,9.732800
30132,52.390000,9.754900
30133,52.401500,9.765900
30134,52.419100,9.825900
30135,52.416200,9.732800
30138,52.401500,9.765900
30139,52.378800,9.733100
30140,52.370200,9.744500
30141,52.331600,9.774600
30142,52.371100,9.768700
30144,52.371300,9.805600
30145,52.334300,9.779400
30146,52.377000,9.726300
30147,52.375300,9.728300
30148,52.349800,9.802700
30149,52.362800,9.721600
30151,52.367900,9.741600
30152,52.399500,9.737100
30153,52.375300,9.741500
30154,52.421000,9.732600
30156,52.355100,9.759600
30157,52.165700,9.992100
30159,52.373600,9.737100
30161,52.387400,9.746500
30163,52.394300,9.747500
30165,52.400800,9.721700
30167,52.391400,9.708300
30169,52.363300,9.748000
30171,52.369700,9.752100
30173,52.358600,9.755800
30175,52.366700,9.716700
30177,52.397300,9.770700
30179,52.413700,9.754400
30417,52.416500,9.638700
30419,52.414000,9.660300
30449,52.368500,9.708200
30451,52.375100,9.709400
30453,52.366500,9.681500
30455,52.357400,9.671000
30457,52.328800,9.700100
30459,52.342500,9.715300
30517,52.327900,9.777800
30519,52.339800,9.774300
30521,52.366700,9.716700
30539,52.339000,9.828800
30559,52.361300,9.834400
30619,52.378300,9.807400
30620,52.371400,9.805200
30621,52.371300,9.805600
30622,52.401500,9.765900
30623,52.384100,9.806000
30625,52.379500,9.807500
30627,52.366700,9.716700
30629,52.389500,9.850200
30645,52.383500,9.810400
30647,52.410800,9.818300
30655,52.402600,9.793900
30657,52.426500,9.792100
30659,52.409700,9.808000
30669,52.366700,9.716700
30684,52.331600,9.774600
30686,51.516100,7.462000
30689,52.375300,9.728300
30690,52.259200,9.781000
30691,52.376700,9.729000
30692,52.421500,9.829800
30700,52.356600,9.874900
30820,52.419300,9.573800
30821,52.419900,9.575000
30823,52.418200,9.602100
30826,52.475900,9.535900
30827,52.435300,9.611000
30851,52.437800,9.743200
30853,52.450600,9.749200
30855,52.440200,9.665500
30875,52.300100,9.821500
30876,52.286000,9.821200
30880,52.315100,9.797400
30890,52.300000,9.450000
30900,52.541000,9.742900
30916,52.433300,9.850000
30926,52.396400,9.597300
30938,52.502700,9.860000
30952,52.319400,9.655400
30966,52.314300,9.723600
30974,52.274000,9.572900
30982,52.264500,9.764400
30988,52.304200,9.597600
30989,52.313600,9.600300
31007,52.119100,9.736400
31008,52.122600,9.735900
31020,52.088700,9.631200
31028,52.083300,9.783300
31029,52.066700,9.750000
31032,52.114300,9.794000
31033,52.042500,9.774500
31036,52.074500,9.721200
31039,52.057800,9.787100
31061,51.988100,9.817000
31073,51.941200,9.802700
31079,52.036180,9.912680
31084,51.933300,9.900000
31085,51.950000,9.916700
31088,51.933300,9.933300
31089,52.004500,9.695800
31091,51.983300,9.733300
31093,52.018900,9.753500
31094,52.037200,9.686900
31096,52.033300,9.666700
31097,51.983300,9.966700
31099,51.983300,9.950000
31120,52.149600,9.947300
31121,52.159100,9.958400
31129,52.149600,9.947300
31130,52.152500,9.951800
31131,52.157441,9.948623
31132,52.131600,9.922900
31134,52.153100,9.955500
31135,52.164700,9.976800
31137,52.160300,9.933100
31139,52.141000,9.940700
31141,52.135300,9.971300
31157,52.235000,9.854100
31162,52.057800,10.005800
31167,52.009900,10.132000
31171,52.162000,9.783500
31174,52.185300,10.102300
31177,52.210400,9.964900
31180,52.197200,9.898900
31185,52.189000,10.232400
31188,52.087200,10.160100
31191,52.253300,9.969100
31195,51.972000,10.030500
31196,52.012400,9.975900
31199,52.096200,9.919500
31221,52.324800,10.241350
31224,52.323300,10.230700
31226,52.314300,10.233600
31228,52.339500,10.249200
31234,52.387000,10.261400
31241,52.263400,10.199200
31246,52.250000,10.216700
31249,52.257500,10.064200
31272,52.364467,10.010367
31273,52.388500,9.966400
31275,52.371900,9.979200
31300,52.447825,10.004625
31303,52.446300,10.006400
31311,52.471300,10.158100
31319,52.313900,9.968200
31513,52.420075,9.428275
31515,52.423800,9.435900
31533,52.493467,9.460933
31535,52.504600,9.458700
31542,52.340320,9.371020
31547,52.453950,9.206500
31552,52.304280,9.327620
31553,52.396533,9.267267
31555,52.357625,9.389350
31556,52.418960,9.251240
31558,52.433767,9.327567
31559,52.369520,9.365320
31577,52.640200,9.203900
31582,52.652100,9.238200
31592,52.511436,9.038364
31595,52.582250,8.999750
31600,52.499800,8.909300
31603,52.418700,8.717600
31604,52.450000,8.966700
31606,52.457000,8.849500
31608,52.668600,9.142200
31609,52.716700,9.166700
31613,52.716700,9.083300
31618,52.603600,9.097200
31619,52.616700,9.133300
31621,52.641800,9.026300
31622,52.720560,9.285620
31623,52.686900,9.210800
31626,52.733300,9.233300
31627,52.709900,9.232300
31628,52.547620,9.145160
31629,52.591367,9.145433
31632,52.566700,9.250000
31633,52.500000,9.116700
31634,52.660720,9.401500
31636,52.593500,9.302600
31637,52.665800,9.482100
31638,52.640700,9.340300
31653,52.322683,9.203650
31655,52.314654,9.217277
31673,52.261700,9.050733
31675,52.282618,9.050709
31681,52.279100,9.147300
31682,52.273900,9.123000
31683,52.265633,9.122117
31688,52.290267,9.167267
31691,52.303663,9.108725
31693,52.326125,9.109625
31698,52.357975,9.286350
31699,52.350000,9.316700
31700,52.332433,9.282100
31702,52.353067,9.251767
31707,52.237100,9.097300
31708,52.254700,9.100900
31710,52.226500,9.127800
31711,52.226600,9.087433
31712,52.352100,9.147900
31714,52.360467,9.214167
31715,52.339925,9.138000
31717,52.350000,9.183300
31718,52.385300,9.188100
31719,52.383800,9.120200
31735,52.188650,9.085225
31737,52.172640,9.119075
31749,52.240171,9.234294
31774,50.719100,7.117000
31778,52.107400,9.394600
31779,52.107400,9.394600
31780,52.110000,9.358600
31781,52.107400,9.394600
31783,52.106860,9.359020
31784,52.102900,9.360033
31785,52.103700,9.367600
31787,52.115000,9.338800
31789,52.098800,9.395000
31810,51.989300,9.259300
31812,51.985900,9.252500
31829,48.191800,11.648500
31830,52.206667,9.558267
31832,52.208400,9.554200
31840,52.172700,9.249100
31848,52.195500,9.464200
31855,52.049500,9.258600
31860,52.044900,9.400100
31863,52.118500,9.548700
31867,52.260873,9.372318
31868,51.947100,9.407000
32042,52.122100,8.674900
32044,52.122400,8.668111
32045,52.117575,8.671025
32046,52.114750,8.652414
32049,52.133700,8.696300
32051,52.127000,8.642700
32052,52.100500,8.672300
32058,52.079600,8.619500
32061,52.079600,8.619500
32102,52.073110,8.747950
32105,52.080800,8.750500
32107,52.061300,8.734100
32108,52.069200,8.759800
32120,52.166700,8.616700
32130,52.140600,8.557700
32139,52.140200,8.484700
32255,52.193992,8.576723
32257,52.198400,8.586400
32278,52.200000,8.633300
32289,52.250000,8.483300
32310,52.305189,8.631900
32312,52.307000,8.614200
32337,52.374680,8.633120
32339,52.382500,8.621300
32351,52.416700,8.450000
32361,52.341200,8.525300
32369,52.433700,8.612600
32419,52.303050,8.952000
32420,52.284650,8.899283
32421,52.288367,8.913433
32423,52.287300,8.924300
32425,52.283300,8.916700
32427,52.294600,8.897600
32429,52.283300,8.916700
32455,52.238700,8.921180
32457,52.229600,8.916100
32469,52.375100,8.965400
32479,52.333300,8.750000
32543,52.200211,8.797222
32545,52.191700,8.809300
32547,52.206000,8.810700
32549,52.247300,8.785800
32582,52.198000,8.720120
32584,52.188500,8.692200
32602,52.138800,8.780600
32609,52.283300,8.666700
32655,52.032740,8.901020
32657,52.027900,8.899000
32676,51.958300,9.247100
32683,51.990400,9.116400
32689,52.122200,8.960000
32694,52.041100,9.002800
32699,52.067000,9.116200
32750,51.933100,8.882100
32753,51.943300,8.862700
32754,51.939033,8.869356
32756,51.936000,8.878300
32758,51.950900,8.865800
32760,51.861300,8.864500
32791,51.992200,8.793000
32805,51.885500,8.962400
32816,51.877100,9.195400
32823,51.934900,9.104600
32825,51.967800,9.047300
32832,51.909400,8.731700
32839,51.870700,9.091400
33014,51.733000,9.019700
33034,51.717500,9.186000
33039,51.805000,9.113000
33093,51.718300,8.752700
33094,51.722718,8.718036
33095,51.719257,8.744171
33096,51.714000,8.741100
33098,51.713600,8.755400
33100,51.727300,8.770600
33102,51.717100,8.741700
33104,51.757100,8.730000
33106,51.732700,8.688500
33129,51.780200,8.484000
33142,51.551100,8.559600
33154,51.671700,8.600900
33161,51.816700,8.650000
33165,51.617100,8.896700
33175,51.783300,8.816800
33178,51.667700,8.722800
33181,51.521000,8.696400
33184,51.764500,8.942000
33189,51.809800,8.846100
33311,51.900000,8.384000
33324,51.905000,8.349300
33325,51.911200,8.396600
33326,51.902212,8.389950
33330,51.907400,8.376700
33332,51.900500,8.383700
33334,51.943600,8.428300
33335,51.931600,8.459900
33372,51.838650,8.299300
33373,51.838050,8.303850
33374,51.850000,8.278250
33375,51.846950,8.297750
33378,51.849700,8.300200
33393,51.807100,8.426033
33394,51.840550,8.437600
33395,51.736000,8.381350
33397,51.809200,8.428400
33411,51.877225,8.490125
33413,51.884800,8.444400
33414,51.884800,8.444400
33415,51.883300,8.516700
33426,51.960450,8.222950
33428,51.962200,8.227700
33441,51.882333,8.226267
33442,51.900000,8.216700
33449,51.772100,8.318100
33519,52.033000,8.533000
33547,52.016086,8.537200
33583,52.015800,8.523300
33584,52.080700,8.498800
33591,52.024800,8.542600
33594,52.030433,8.530200
33595,52.020900,8.534636
33596,52.020267,8.544067
33597,52.021700,8.534700
33598,52.041600,8.585200
33600,52.010325,8.525225
33602,52.024500,8.532600
33604,52.010600,8.549300
33605,52.000800,8.574000
33607,52.028400,8.575900
33609,52.034200,8.555300
33611,52.048300,8.549200
33613,52.044000,8.522500
33615,52.030700,8.513300
33617,52.011900,8.520200
33619,52.033300,8.533300
33644,51.979500,8.478400
33645,51.993214,8.483814
33647,51.990000,8.511400
33649,51.974500,8.468600
33659,51.969200,8.552200
33687,52.217000,8.828517
33689,51.950100,8.579300
33699,52.033300,8.533300
33719,52.010700,8.592600
33729,52.070700,8.600200
33739,52.033300,8.533300
33756,51.897280,8.632580
33758,51.900000,8.616700
33769,52.041812,8.144737
33775,52.040100,8.152700
33788,52.049667,8.368611
33790,52.060100,8.360800
33801,52.016400,8.423050
33803,52.000000,8.400000
33813,51.954500,8.662200
33818,52.012500,8.698300
33824,52.077700,8.417900
33829,52.103400,8.302100
34105,51.299900,9.481300
34106,51.304600,9.432500
34108,51.318300,9.476400
34109,51.323000,9.508400
34110,51.318100,9.498800
34111,51.311255,9.478617
34112,51.316924,9.489671
34113,51.301680,9.523940
34114,51.307267,9.441650
34115,51.274500,9.509600
34117,51.316600,9.491200
34119,51.315200,9.464700
34121,51.305600,9.465200
34123,51.298800,9.529700
34125,51.319500,9.516300
34127,51.335500,9.491300
34128,51.336000,9.445700
34130,51.324700,9.446600
34131,51.317300,9.422700
34132,51.316700,9.500000
34134,51.287800,9.470500
34195,51.336200,9.480800
34196,51.315200,9.493100
34197,51.314400,9.486100
34198,51.276000,9.507400
34209,51.131200,9.550600
34212,51.130300,9.552400
34219,51.260900,9.433900
34225,51.251800,9.407500
34233,51.348400,9.525600
34246,51.358100,9.479700
34253,51.266700,9.533300
34260,51.281100,9.618600
34265,51.316500,9.541200
34266,51.308300,9.566900
34270,51.285600,9.271700
34277,51.266700,9.483300
34281,51.177100,9.367500
34286,51.116400,9.662700
34289,51.369500,9.301600
34292,51.350000,9.383300
34295,51.212500,9.420800
34298,51.259800,9.688700
34302,51.200000,9.483300
34305,51.233400,9.310300
34308,51.233300,9.250000
34311,51.248200,9.165700
34314,51.396600,9.470200
34317,51.328500,9.339200
34320,51.205600,9.577800
34323,51.090800,9.538900
34326,51.050000,9.600000
34327,51.166700,9.516700
34329,51.316700,9.666700
34346,51.415100,9.650500
34355,51.350000,9.633300
34359,51.491700,9.608300
34369,51.496100,9.385000
34376,51.442900,9.523100
34379,51.409400,9.401900
34385,51.642600,9.454800
34388,51.574100,9.420900
34393,51.446500,9.412500
34396,51.497000,9.282100
34399,51.583300,9.566700
34414,51.490100,9.146400
34431,51.461700,8.849500
34434,51.569200,9.241100
34439,51.625600,9.036900
34454,51.379800,9.014500
34466,51.326100,9.170200
34471,51.409000,9.118100
34474,51.487800,9.007900
34477,51.321400,8.954800
34479,51.415700,9.185000
34494,51.273100,8.862600
34495,51.273814,8.866843
34497,51.275600,8.873000
34508,51.300000,8.616700
34513,51.206200,9.062900
34516,51.181500,8.887800
34519,51.366700,8.800000
34535,51.117357,9.118800
34537,51.119600,9.124700
34549,51.159000,9.092300
34558,51.132500,9.279600
34560,51.131800,9.275600
34574,51.030300,9.405100
34576,51.033300,9.400000
34582,51.063800,9.220000
34587,51.137600,9.421400
34590,51.100000,9.350000
34593,50.977100,9.486500
34596,51.050000,9.183300
34599,51.000000,9.216700
34613,50.933300,9.216700
34621,50.970700,9.322700
34626,50.869100,9.346500
34628,50.850000,9.200000
34630,50.950000,9.066700
34632,51.000000,9.150000
34633,50.806000,9.385700
34637,50.833300,9.283300
34639,50.909800,9.446600
35031,50.821600,8.771200
35032,50.810200,8.774000
35034,50.805680,8.768460
35035,50.808800,8.770600
35036,50.824600,8.769600
35037,50.803000,8.762500
35039,50.809800,8.777300
35041,50.816500,8.751300
35043,50.776500,8.764500
35066,51.058500,8.783300
35075,50.768500,8.580800
35080,50.750000,8.500000
35083,50.902500,8.723700
35085,50.726000,8.857000
35088,51.013600,8.647300
35091,50.851000,8.780900
35094,50.861900,8.697600
35096,50.754200,8.695800
35099,51.000000,8.750000
35102,50.733300,8.633300
35104,51.158300,8.795800
35107,51.030000,8.687200
35108,51.033320,8.679180
35110,51.092700,8.934500
35112,50.700000,8.700000
35114,51.027800,8.966700
35116,51.010900,8.586600
35117,50.960800,8.718400
35119,50.974400,8.867400
35216,50.911200,8.530200
35232,50.841700,8.554200
35236,50.887300,8.457500
35239,50.850000,8.483300
35260,50.822600,9.012900
35274,50.827200,8.928100
35279,50.850000,9.116700
35282,50.883300,8.918600
35285,50.966700,8.966700
35287,50.796000,8.923300
35288,50.937500,8.933300
35305,50.594000,8.958700
35315,50.733300,9.000000
35321,50.542000,8.990300
35325,50.628400,9.054700
35327,50.575500,9.192700
35329,50.700000,9.050000
35383,50.574100,8.686000
35384,50.590400,8.677200
35385,50.577100,8.665400
35386,50.581000,8.669600
35387,50.587885,8.683408
35388,50.586300,8.676300
35390,50.584900,8.674200
35392,50.566900,8.653800
35394,50.574600,8.713500
35396,50.616500,8.704400
35398,50.583300,8.650000
35402,50.492300,8.647500
35410,50.473700,8.893300
35415,50.516700,8.700000
35418,50.614800,8.783000
35423,50.520800,8.815700
35428,50.500000,8.666700
35435,50.616700,8.650000
35440,50.537400,8.649700
35444,50.618200,8.601700
35447,50.600000,8.833300
35452,50.583300,8.633300
35457,50.646500,8.704900
35460,50.662000,8.731600
35463,50.550000,8.783300
35466,50.677500,8.864300
35469,50.683300,8.833300
35508,48.144900,11.485000
35509,50.429700,8.688700
35510,50.433900,8.671200
35516,50.456300,8.729300
35519,50.430500,8.736900
35573,50.553967,8.499363
35574,50.551300,8.499300
35576,50.566500,8.524700
35578,50.545500,8.505000
35579,50.550000,8.500000
35580,50.550000,8.500000
35581,50.550000,8.500000
35582,50.550000,8.500000
35583,50.550000,8.500000
35584,50.550000,8.500000
35585,50.550000,8.500000
35586,50.550000,8.500000
35606,50.536200,8.407000
35614,50.591600,8.462700
35619,50.502700,8.393643
35625,50.521000,8.575800
35630,50.600000,8.383300
35633,50.583300,8.566700
35638,50.551300,8.358400
35641,50.493500,8.471800
35644,50.668900,8.489600
35647,50.416700,8.516700
35649,50.700000,8.450000
35683,50.736900,8.287300
35684,50.733300,8.283300
35685,50.733300,8.283300
35686,50.733300,8.283300
35687,50.733300,8.283300
35688,50.733300,8.283300
35689,50.733300,8.283300
35690,50.733300,8.283300
35708,50.741600,8.207800
35713,50.808300,8.358300
35716,50.833300,8.316700
35719,50.806300,8.416400
35745,50.681400,8.303700
35753,50.616700,8.300000
35756,50.700000,8.383300
35759,50.633300,8.183300
35764,50.650000,8.333300
35767,50.685100,8.191200
35768,50.739000,8.417900
35779,50.486157,8.263286
35781,50.484400,8.262500
35789,50.431400,8.376700
35792,50.513000,8.272000
35794,50.563900,8.155500
35796,50.438400,8.291300
35799,50.507100,8.191900
36028,50.547800,9.676000
36030,50.552200,9.672200
36035,50.557957,9.686314
36036,50.545800,9.674400
36037,50.551800,9.683300
36039,50.573200,9.682400
36041,50.556900,9.643100
36043,50.534500,9.692200
36047,50.483400,9.717100
36084,50.674600,9.764800
36085,50.673738,9.766037
36086,50.669800,9.765200
36088,50.679700,9.767300
36093,50.544200,9.717900
36100,50.561900,9.713100
36103,50.423900,9.566600
36110,50.674200,9.561000
36115,50.516350,9.996450
36119,50.453100,9.617500
36124,50.495400,9.696700
36129,50.451400,9.914200
36132,50.766700,9.800000
36137,50.592500,9.542300
36142,50.642800,10.023800
36145,50.586300,9.835300
36148,50.404500,9.682600
36151,50.696800,9.724500
36154,50.505000,9.479700
36157,50.455400,9.786300
36160,50.543300,9.795900
36163,50.487900,9.868000
36166,50.766700,9.666700
36167,50.633300,9.850000
36169,50.716700,9.900000
36179,50.974500,9.795600
36199,50.995600,9.728400
36205,51.071700,9.935600
36208,50.950000,9.983300
36211,51.033300,9.666700
36214,51.016700,9.933300
36217,50.950000,9.850000
36219,51.041600,9.860500
36242,50.846100,9.678100
36244,50.855200,9.705000
36246,50.874300,9.712300
36247,50.866950,9.709062
36248,50.846100,9.678100
36249,50.846100,9.678100
36251,50.886000,9.737800
36266,50.883300,9.987300
36269,50.846000,9.979500
36272,50.800000,9.600000
36275,50.833300,9.566700
36277,50.816700,9.850000
36280,50.850000,9.466700
36282,50.816700,9.733300
36284,50.800000,9.900000
36286,50.933300,9.550000
36287,50.775200,9.516000
36289,50.883300,9.866700
36304,50.751800,9.270800
36318,50.683300,9.300000
36320,50.769400,9.103900
36323,50.742400,9.473100
36325,50.650000,9.166700
36326,50.766700,9.183300
36329,50.713400,9.220100
36338,50.642500,9.392600
36339,50.637360,9.396030
36341,50.635600,9.397800
36355,50.489200,9.338600
36358,50.536000,9.387400
36364,50.623900,9.508200
36367,50.616700,9.450000
36369,50.583300,9.283300
36380,49.886900,8.651400
36381,50.365500,9.582900
36391,50.312700,9.623400
36396,50.314000,9.463300
36399,50.425100,9.402700
36404,50.787980,10.050280
36414,50.816700,9.983300
36419,50.701120,9.970720
36433,50.818100,10.249375
36448,50.824633,10.351000
36452,50.660070,10.126720
36456,50.800000,10.300000
36457,50.761633,10.151000
36460,50.843100,10.116167
36466,50.706900,10.142550
36469,50.839500,10.166000
37069,51.525200,9.948200
37070,51.540414,9.926033
37073,51.536400,9.939000
37075,51.550900,9.932800
37077,51.560400,9.931900
37079,51.533300,9.933300
37081,51.533500,9.899300
37083,51.513000,9.953500
37085,51.533300,9.933300
37096,51.563200,9.923200
37097,51.537600,9.924500
37099,51.550500,9.942300
37100,51.519400,9.890900
37115,51.513100,10.259500
37120,51.588400,9.922200
37124,51.500000,9.900000
37127,51.479820,9.739020
37130,51.466700,10.033300
37133,51.419200,9.917600
37136,51.553740,10.115200
37139,51.582700,9.754600
37154,51.706600,10.000000
37170,51.656900,9.635000
37176,51.628800,9.935900
37181,51.652300,9.830500
37186,51.699200,9.871100
37191,51.683300,10.100000
37194,51.636850,9.573700
37197,51.648200,10.238600
37199,51.660000,10.174400
37213,51.333400,9.858000
37214,51.333300,9.866700
37215,51.333300,9.866700
37216,51.333300,9.866700
37217,51.333300,9.866700
37218,51.333300,9.866700
37235,51.199500,9.718600
37242,51.270900,9.974800
37247,51.258600,9.784500
37249,51.383300,9.883300
37267,51.188650,10.046000
37269,51.183900,10.053300
37276,51.216700,10.066700
37281,51.182100,10.172800
37284,51.138400,9.943200
37287,51.150000,10.000000
37290,51.200000,9.933300
37293,51.006300,10.167300
37296,51.083300,10.066700
37297,51.233300,9.916700
37299,51.125100,10.116000
37308,51.330647,10.152288
37318,51.343890,10.032127
37327,51.381475,10.332800
37339,51.449380,10.345533
37345,51.518855,10.434645
37351,51.318560,10.308060
37355,51.365550,10.455233
37359,51.265000,10.260260
37412,51.661000,10.300267
37431,51.632700,10.470300
37434,51.589530,10.205750
37441,51.595000,10.555500
37444,51.710000,10.518700
37445,51.583300,10.616700
37447,51.634000,10.587000
37449,51.633300,10.633300
37520,51.726900,10.250900
37534,51.778367,10.186467
37539,51.801050,10.222750
37547,51.853600,9.964800
37568,51.818100,9.837300
37571,51.818100,9.837300
37572,51.813800,9.882200
37574,51.820200,9.869600
37581,51.871700,10.025400
37586,51.801800,9.689000
37589,51.800000,10.033300
37601,51.820550,9.451738
37603,51.828000,9.445500
37619,51.972660,9.512980
37620,51.991200,9.565300
37627,51.867250,9.631000
37632,51.914400,9.697600
37633,51.970600,9.606700
37635,51.952700,9.624500
37639,51.858300,9.494100
37640,51.900000,9.550000
37642,51.916700,9.583300
37643,51.883300,9.566700
37647,51.912067,9.387067
37649,51.883300,9.433300
37669,51.779367,9.383550
37671,51.775000,9.381600
37688,51.668000,9.374200
37691,51.722350,9.407650
37696,51.833300,9.216700
37697,51.659400,9.387100
37699,51.733300,9.400000
38023,52.255000,10.541000
38083,52.269900,10.531200
38084,52.254500,10.506600
38089,52.296900,10.516800
38090,52.251800,10.518400
38091,52.255400,10.534700
38092,52.280600,10.535900
38093,52.303100,10.514600
38094,52.303100,10.514600
38096,52.249700,10.517400
38097,52.251800,10.518400
38098,52.251800,10.518400
38100,52.264700,10.523300
38102,52.257500,10.536500
38104,52.283500,10.582200
38106,52.278900,10.542700
38108,52.301500,10.568800
38110,52.328000,10.476100
38112,52.302200,10.497900
38114,52.276400,10.512700
38116,52.266700,10.533300
38118,52.259000,10.500200
38120,52.254600,10.487900
38122,52.224000,10.498900
38124,52.225800,10.527100
38126,52.244300,10.559400
38140,52.318200,10.477500
38142,52.315300,10.509800
38143,52.257700,10.534600
38144,52.314500,10.548600
38154,52.251200,10.816800
38159,52.260400,10.364900
38162,52.250000,10.650000
38165,52.333300,10.666700
38170,52.124967,10.772867
38173,52.200680,10.682880
38176,52.329600,10.392600
38179,52.348100,10.446300
38223,52.161000,10.431200
38226,52.140100,10.354600
38228,52.144229,10.301971
38229,52.126930,10.361930
38236,52.143100,10.413200
38237,52.144100,10.418200
38239,52.166811,10.429033
38259,52.064650,10.389090
38268,52.204900,10.307800
38271,52.083300,10.233300
38272,52.144300,10.217600
38274,52.083300,10.283300
38275,52.054100,10.328200
38277,52.066700,10.250000
38279,52.038900,10.265700
38281,52.159000,10.535000
38296,52.167000,10.546700
38299,52.162664,10.537707
38300,52.157800,10.557900
38302,52.166100,10.551400
38304,52.142400,10.548400
38312,52.087900,10.544257
38315,52.034850,10.543900
38319,52.113700,10.674100
38321,52.150000,10.608300
38322,52.066700,10.683300
38324,52.109600,10.590000
38325,52.066600,10.740900
38327,52.093700,10.696900
38329,52.129700,10.640000
38346,52.222900,11.019000
38350,52.227900,11.009800
38364,52.138000,10.967400
38367,52.297500,11.008567
38368,52.302875,10.969275
38372,52.170400,11.018800
38373,52.216900,10.909650
38375,52.196000,10.878700
38376,52.250700,10.910100
38378,52.181200,10.919700
38379,52.191000,10.938800
38381,52.081700,10.898400
38382,52.074100,10.858100
38384,52.076600,10.822200
38385,52.106600,10.873400
38387,52.089800,10.925200
38388,52.124800,10.916800
38432,52.428000,10.792700
38433,52.435800,10.861200
38435,52.430100,10.791700
38436,52.425900,10.797400
38438,52.425900,10.797400
38439,52.426900,10.792200
38440,52.423900,10.781200
38442,52.420400,10.718800
38444,52.400300,10.753100
38446,52.380800,10.828500
38448,52.423100,10.822400
38458,52.408000,10.936400
38459,52.385900,11.000400
38461,52.424700,10.912900
38462,52.444800,10.945100
38464,52.373600,10.919300
38465,52.600200,10.937500
38467,52.544000,10.845100
38468,52.566700,10.800000
38470,52.534700,10.890200
38471,52.485600,10.886400
38473,52.516700,10.800000
38474,52.575800,10.878200
38476,52.521900,10.774900
38477,52.500000,10.766700
38479,52.470500,10.740700
38486,52.616300,11.088208
38489,52.684045,11.000191
38516,52.488678,10.542511
38518,52.477700,10.551100
38524,52.516700,10.633300
38526,52.381300,10.538800
38527,52.384900,10.539300
38528,52.379800,10.450800
38530,52.380400,10.402900
38531,52.416700,10.533300
38533,52.365200,10.520400
38536,52.474400,10.352500
38539,52.533300,10.366700
38542,52.439500,10.434600
38543,52.416700,10.400000
38547,52.420700,10.623300
38550,52.433300,10.583300
38551,52.434400,10.510000
38553,52.413300,10.593600
38554,52.462100,10.717000
38556,52.500000,10.716700
38557,52.469300,10.680100
38559,52.552300,10.523400
38640,51.915300,10.424300
38642,51.911300,10.458800
38644,51.922550,10.395350
38667,51.897680,10.557940
38678,51.809500,10.338200
38685,51.923800,10.386600
38690,51.952400,10.563700
38700,51.726500,10.610900
38704,52.021800,10.431700
38707,51.817200,10.437400
38709,51.828100,10.281500
38717,51.878700,10.155000
38723,51.891000,10.178500
38729,51.985367,10.250900
38817,51.895300,11.059400
38820,51.895600,11.056200
38822,51.932560,10.981900
38828,51.883800,11.173500
38829,51.866700,11.100000
38832,51.966000,10.699200
38835,51.986800,10.712550
38836,52.004112,10.901550
38838,51.999860,11.008820
38845,51.844200,10.766100
38855,51.881920,10.816160
38871,51.891963,10.712325
38875,51.729900,10.735740
38877,51.668200,10.717200
38879,51.763900,10.662100
38889,51.765363,10.933763
38895,51.860000,10.969950
38899,51.680933,10.840833
38999,52.236800,10.491600
39014,52.082000,11.586000
39081,52.173400,11.670500
39082,52.120000,11.632000
39083,52.127300,11.633300
39084,52.143500,11.640200
39085,52.137500,11.648600
39087,52.156900,11.582100
39088,52.132900,11.621300
39091,52.115500,11.611300
39092,52.153300,11.632400
39093,52.131800,11.639100
39094,52.126200,11.634200
39097,52.101200,11.620000
39098,52.151800,11.638500
39099,52.139100,11.641300
39104,52.124300,11.632200
39106,52.146900,11.649800
39108,52.133300,11.616700
39110,52.126300,11.601100
39112,52.110400,11.601100
39114,52.133300,11.616700
39116,52.081900,11.586100
39118,52.133300,11.616700
39120,52.081600,11.621200
39122,52.089100,11.658600
39124,52.163800,11.633300
39126,52.180500,11.650400
39128,52.162400,11.616500
39130,52.156100,11.578900
39148,52.051900,11.593500
39149,52.051900,11.593500
39157,52.128800,11.630400
39164,52.063300,11.418350
39167,52.139012,11.444988
39171,52.016700,11.550000
39175,52.141750,11.756513
39178,52.196900,11.598800
39179,52.192567,11.596300
39217,52.018300,11.724000
39218,52.018300,11.724000
39221,51.967562,11.709712
39240,51.894712,11.837000
39245,52.060425,11.831500
39249,51.972767,11.837433
39258,51.961300,12.084000
39261,51.966200,12.085200
39264,51.997573,12.082662
39279,52.094671,12.053757
39288,52.266700,11.863100
39291,52.213543,11.948941
39307,52.383420,12.192300
39317,52.383300,12.016700
39319,52.475950,12.075450
39326,52.251250,11.602860
39340,52.300600,11.430300
39343,52.228800,11.272061
39345,52.323400,11.391317
39356,52.312010,11.098660
39359,52.390667,11.179733
39365,52.147215,11.220923
39387,52.049387,11.194325
39393,52.089400,11.055922
39397,51.949350,11.203200
39398,52.003660,11.322940
39400,52.051900,11.593500
39418,51.834300,11.575900
39434,51.850000,11.533300
39435,51.926714,11.482229
39439,51.799000,11.613333
39443,51.881725,11.642650
39444,51.847000,11.534200
39446,51.876100,11.539700
39448,51.953633,11.390167
39517,52.424287,11.824854
39524,52.672114,12.090193
39539,52.830900,12.075500
39576,52.606900,11.858700
39579,52.600890,11.748540
39590,52.572333,11.954700
39596,52.699243,11.929836
39599,52.568467,11.673300
39606,52.783172,11.687668
39615,52.914495,11.720319
39619,52.876920,11.466300
39624,52.692767,11.418322
39629,52.642933,11.562967
39638,52.519829,11.393121
39646,52.434200,10.987900
39649,52.503375,11.181400
40180,51.236200,6.819900
40181,51.236800,6.805300
40182,51.251500,6.764900
40186,51.194100,6.705700
40187,51.217600,6.778700
40188,51.217400,6.770500
40189,51.221700,6.778200
40190,51.218250,6.767450
40191,51.175600,6.839400
40192,51.253300,6.776600
40193,51.244500,6.777700
40194,51.217600,6.778700
40195,51.196000,6.812200
40196,51.233800,6.699100
40198,51.239300,6.784600
40199,51.213200,6.762500
40202,51.236200,6.820900
40204,51.193000,6.795200
40210,51.221600,6.789700
40211,51.227800,6.786100
40212,51.223000,6.782700
40213,51.224900,6.774300
40215,51.216500,6.783600
40217,51.215700,6.776700
40219,51.212500,6.763700
40221,51.200200,6.756400
40223,51.199800,6.772700
40225,51.205500,6.788500
40227,51.211700,6.807100
40229,51.198400,6.841500
40231,51.217000,6.825400
40233,51.221400,6.811600
40235,51.230100,6.821600
40237,51.235200,6.819100
40239,51.216700,6.766700
40250,51.123800,6.932600
40251,51.121800,6.934900
40252,51.227300,6.707600
40260,51.102300,6.887200
40300,51.241500,6.738900
40302,51.253300,6.776600
40340,51.253300,6.776600
40463,51.273000,6.766600
40464,51.249900,6.800700
40466,51.289500,6.796600
40467,51.254500,6.786400
40468,51.256100,6.780800
40470,51.251700,6.814300
40472,51.268600,6.810000
40474,51.269600,6.748000
40476,51.246500,6.785500
40477,51.237100,6.779500
40479,51.216700,6.766700
40489,51.216700,6.766700
40541,51.241400,6.721300
40542,51.228100,6.716600
40543,51.232700,6.714500
40545,51.216700,6.766700
40547,51.242900,6.742800
40549,51.230200,6.713500
40589,51.166800,6.825300
40591,51.195300,6.832400
40593,51.216700,6.766700
40595,51.216700,6.766700
40597,51.165900,6.877300
40599,51.180900,6.859800
40625,51.232200,6.856700
40627,51.216700,6.766700
40629,51.259600,6.889800
40667,51.250300,6.689900
40668,51.304200,6.671800
40670,51.273400,6.648400
40699,51.222300,6.908300
40718,51.164800,6.930700
40721,51.169400,6.925300
40723,51.157800,6.939000
40724,51.180300,6.947200
40764,51.108200,6.948300
40786,51.089600,6.894100
40789,51.102667,6.898133
40815,51.253600,6.951400
40816,51.256100,6.985700
40822,51.250400,6.975400
40832,51.300000,6.850000
40842,51.290200,6.865600
40878,51.292200,6.848500
40880,51.300000,6.850000
40882,51.298400,6.858500
40883,51.300000,6.850000
40885,51.339400,6.852800
41050,51.190500,6.438800
41052,51.195300,6.424100
41054,51.195100,6.448900
41061,51.195800,6.438700
41063,51.200000,6.433300
41065,51.191100,6.446700
41066,51.224900,6.483800
41068,51.197700,6.391100
41069,51.176800,6.402100
41169,51.200000,6.433300
41179,51.172300,6.341400
41189,51.139000,6.410200
41199,51.129000,6.438600
41200,51.112500,6.438100
41236,51.166600,6.442700
41238,51.151400,6.470300
41239,51.160400,6.417200
41260,51.117800,6.440500
41261,51.165200,6.761800
41334,51.324600,6.232900
41352,51.191400,6.513500
41363,51.100000,6.500000
41366,51.216700,6.266700
41372,51.210800,6.177500
41379,51.240500,6.183800
41424,51.203300,6.712900
41452,51.034300,6.255700
41453,51.197400,6.715000
41455,51.203700,6.707600
41456,51.191600,6.706475
41457,51.151600,6.743540
41460,51.201400,6.694400
41462,51.215400,6.663100
41464,51.184300,6.682100
41466,51.168200,6.684700
41468,51.164600,6.751900
41469,51.157600,6.732800
41470,51.200000,6.683300
41472,51.200000,6.683300
41513,51.081375,6.597900
41515,51.090400,6.606700
41516,51.129200,6.624500
41517,51.083300,6.583300
41538,51.083633,6.822467
41539,51.096400,6.840000
41540,51.092300,6.811400
41541,51.127000,6.806800
41542,51.113000,6.775200
41561,51.222000,6.603700
41564,51.229300,6.618800
41569,51.033300,6.683300
41747,51.255600,6.391700
41748,51.250000,6.383300
41749,51.285200,6.387100
41751,51.250000,6.383300
41812,51.079500,6.315300
41833,51.034300,6.255700
41836,51.055500,6.226600
41844,51.142200,6.284400
41849,51.100100,6.154800
42093,51.214000,7.057900
42094,51.251400,7.158600
42095,51.253400,7.128400
42096,51.249300,7.116800
42097,51.253586,7.139550
42098,51.249250,7.141550
42099,51.254100,7.154300
42101,51.256100,7.161300
42103,51.256900,7.150500
42105,51.264900,7.130700
42107,51.261900,7.151300
42109,51.276500,7.155900
42111,51.266700,7.183300
42113,51.267800,7.128500
42115,51.249700,7.103000
42117,51.249800,7.123900
42119,51.244100,7.166100
42266,51.243800,7.183900
42268,51.262300,7.170400
42269,51.271900,7.200100
42270,51.273300,7.199600
42271,51.264971,7.186686
42272,51.269400,7.169700
42273,51.285800,7.225300
42275,51.271800,7.204000
42277,51.274200,7.220300
42279,51.307700,7.252200
42281,51.287800,7.194000
42283,51.269900,7.183800
42285,51.259000,7.169500
42287,51.243200,7.206600
42289,51.266700,7.183300
42300,51.222000,6.793000
42327,51.242400,7.060000
42329,51.222100,7.063900
42337,51.210500,7.143600
42347,51.252500,7.133800
42349,51.216000,7.141800
42369,51.229800,7.202000
42387,51.282400,7.264500
42389,51.273200,7.235000
42399,51.266700,7.183300
42409,51.214000,7.057900
42477,51.202200,7.360300
42489,51.282000,7.038200
42499,51.149800,7.344700
42547,51.337600,7.046100
42549,51.333600,7.027000
42551,51.343400,7.059400
42553,51.300500,7.091400
42555,51.351500,7.130200
42577,51.324600,6.956100
42579,51.326600,6.971100
42645,51.162900,7.086300
42648,51.174000,7.083876
42649,51.169600,7.045600
42651,51.172800,7.094000
42653,51.187800,7.078500
42655,51.176000,7.065300
42657,51.153200,7.059500
42659,51.159500,7.103600
42697,51.161100,7.001600
42699,51.156000,7.015200
42715,51.192100,7.062500
42717,51.194500,7.068200
42719,51.182500,7.045400
42781,51.193800,7.013300
42799,51.106300,7.018700
42849,51.181400,7.185925
42850,51.170800,7.211100
42853,51.180200,7.187200
42855,51.180700,7.206600
42857,51.177500,7.166100
42859,51.183300,7.200000
42895,50.834543,8.178543
42897,51.183300,7.255600
42899,51.220100,7.240700
42926,51.142987,7.228925
42929,51.139700,7.215800
44111,51.519500,7.457700
44112,51.519500,7.457700
44113,51.519500,7.457700
44115,51.515700,7.478300
44116,51.520200,7.459000
44117,51.508500,7.469700
44118,51.501800,7.467600
44119,51.501800,7.467600
44120,51.498800,7.475900
44121,51.497500,7.463900
44122,51.511700,7.467500
44123,51.508500,7.457500
44124,51.499500,7.479200
44125,51.512200,7.433500
44126,51.506150,7.469836
44127,51.509000,7.482527
44128,51.510108,7.463150
44129,51.510780,7.461260
44130,51.510100,7.461600
44131,51.510100,7.461600
44133,51.506000,7.470100
44135,51.512500,7.477000
44137,51.509700,7.460100
44139,51.499500,7.471700
44141,51.504400,7.499800
44143,51.520800,7.518400
44145,51.529000,7.480200
44147,51.519800,7.437800
44149,51.500500,7.406300
44221,51.484400,7.414000
44222,51.492600,7.416400
44225,51.475900,7.443400
44227,51.444000,7.454600
44229,51.445500,7.464200
44261,51.492917,7.498033
44263,51.484700,7.499600
44265,51.461000,7.483700
44267,51.469000,7.515400
44269,51.485600,7.536600
44280,51.502500,7.569400
44285,51.502667,7.560600
44287,51.499600,7.549500
44289,51.516100,7.468300
44309,51.525100,7.547500
44319,51.530100,7.597200
44328,51.553000,7.538500
44329,51.516100,7.468300
44339,51.560700,7.465700
44357,51.516100,7.468300
44359,51.572400,7.389200
44369,51.528700,7.413700
44379,51.525000,7.367600
44388,51.501000,7.337100
44401,51.503100,7.496600
44402,51.517600,7.465100
44530,51.614033,7.523267
44532,51.606700,7.524100
44534,51.618900,7.522200
44536,51.599300,7.468100
44573,51.559225,7.311925
44575,51.550000,7.316700
44577,51.550000,7.316700
44579,51.550000,7.316700
44581,51.550000,7.316700
44621,51.538820,7.229940
44623,51.542600,7.219000
44625,51.532400,7.206000
44627,51.550000,7.216700
44628,51.550000,7.216700
44629,51.549300,7.214900
44647,51.538600,7.163367
44649,51.532900,7.161100
44651,51.550000,7.216700
44652,51.531200,7.170400
44653,51.544800,7.169100
44771,51.472700,7.225200
44772,51.515600,7.208100
44773,51.461800,7.233800
44774,51.470900,7.219500
44775,51.470700,7.270600
44776,51.478200,7.228300
44778,51.447000,7.227800
44779,51.447000,7.227800
44780,51.445900,7.260400
44781,51.471400,7.214900
44782,51.477730,7.225277
44784,51.469400,7.263400
44785,51.472700,7.225200
44787,51.480300,7.218300
44789,51.466100,7.249100
44791,51.490000,7.249300
44793,51.482200,7.186800
44795,51.450100,7.198400
44797,51.428500,7.242400
44799,51.450900,7.238800
44801,51.483300,7.216700
44803,51.463700,7.244600
44805,51.518000,7.272200
44807,51.515600,7.211800
44809,51.499700,7.194400
44863,51.474900,7.151700
44866,51.480800,7.148600
44867,51.464500,7.141800
44869,51.465800,7.157200
44879,51.427100,7.154300
44892,51.474500,7.311000
44894,51.492500,7.310600
45058,51.486400,7.032200
45060,51.453400,7.018300
45061,51.462000,6.928300
45062,51.453600,7.010300
45063,51.461900,6.994200
45064,51.467400,7.023800
45091,51.453400,7.018300
45092,51.458500,7.059300
45093,51.453400,7.018300
45095,51.453400,7.018300
45097,51.456800,6.989600
45098,51.459700,7.003600
45099,51.458900,7.019700
45102,51.471400,7.214900
45113,51.454200,7.016100
45114,51.416900,6.979500
45115,51.453400,7.018300
45116,51.446219,7.005322
45117,51.444034,7.007403
45119,51.416900,6.979500
45120,51.472900,7.026900
45121,51.457600,7.017500
45122,51.436200,6.989800
45123,51.461600,7.003600
45124,51.448100,7.023100
45125,51.450500,7.013000
45126,51.452000,7.012100
45127,51.453500,7.010200
45128,51.445700,7.010300
45130,51.434000,7.016100
45131,51.427300,6.996700
45133,51.411200,6.993100
45134,51.423200,7.029800
45136,51.435300,7.035200
45138,51.447000,7.038100
45139,51.460200,7.043900
45141,51.470500,7.022100
45143,51.463100,6.974100
45144,51.450000,7.016700
45145,51.449000,6.973400
45147,51.440800,6.986300
45149,51.420900,6.970800
45195,50.715600,7.130500
45196,50.715600,7.130500
45219,51.450000,7.016700
45239,51.380600,7.016900
45257,51.393500,7.082500
45259,51.450000,7.016700
45276,51.446700,7.082100
45277,51.450000,7.016700
45279,51.450000,7.016700
45289,51.415900,7.121500
45307,51.461400,7.078500
45309,51.480400,7.071400
45326,51.484400,7.005000
45327,51.499200,7.048800
45329,51.503200,7.007300
45355,51.469800,6.951700
45356,51.482400,6.974800
45357,51.491800,6.940200
45359,51.468100,6.917400
45365,51.500200,6.986500
45403,51.433300,6.883300
45466,51.433709,6.889464
45468,51.426800,6.880600
45470,51.419400,6.893700
45472,51.437400,6.956600
45473,51.442100,6.898200
45475,51.458700,6.888500
45476,51.449000,6.861200
45478,51.432600,6.821600
45479,51.422000,6.856600
45481,51.400400,6.877300
45523,51.400983,7.176933
45525,51.395400,7.177900
45527,51.400000,7.166700
45529,51.400000,7.166700
45549,51.346700,7.243400
45630,51.618400,7.203500
45655,51.611245,7.193391
45657,51.613200,7.195600
45659,51.600700,7.192700
45661,51.616700,7.200000
45663,51.579400,7.215800
45665,51.601700,7.218300
45697,51.589588,7.130312
45699,51.596400,7.143900
45701,51.599600,7.096200
45711,51.656000,7.345300
45721,51.728700,7.166600
45729,51.618200,7.419600
45731,51.621300,7.402400
45739,51.642000,7.264500
45765,51.660533,7.097000
45768,51.648400,7.084500
45770,51.656600,7.110100
45772,51.674400,7.134300
45801,51.525604,7.083087
45833,51.217100,6.804200
45835,51.510900,7.091300
45875,51.508600,7.107600
45876,51.607600,7.046500
45877,51.572915,7.056369
45879,51.508700,7.096800
45881,51.521300,7.074700
45883,51.522100,7.057500
45884,51.486600,7.083500
45886,51.496700,7.113600
45888,51.518500,7.122200
45889,51.530500,7.114300
45891,51.559200,7.084100
45892,51.574800,7.116500
45894,51.579000,7.057900
45896,51.607100,7.048800
45897,51.571700,7.047100
45899,51.533000,7.023400
45964,51.571300,6.982700
45966,51.584200,6.974600
45968,51.556600,7.002500
46020,51.480300,6.864100
46040,51.480300,6.864100
46042,51.473700,6.860300
46045,51.470600,6.856800
46047,51.483400,6.879800
46049,51.477300,6.841300
46117,51.500500,6.885900
46119,51.466700,6.850000
46142,51.515400,6.849500
46145,51.525600,6.851700
46147,51.535500,6.811600
46149,51.517500,6.833200
46236,51.523200,6.925300
46238,51.530300,6.968100
46240,51.516700,6.916700
46242,51.521400,6.907100
46244,51.606100,6.915400
46282,51.656600,6.965700
46284,51.681200,6.963000
46286,51.737700,7.006700
46322,51.846367,6.856767
46325,51.843800,6.857700
46342,51.894500,6.988100
46348,51.766700,6.850000
46354,51.933300,6.866700
46359,51.833300,6.933300
46393,51.831707,6.609280
46395,51.820800,6.606300
46397,51.841300,6.624200
46399,51.845300,6.603500
46414,51.835400,6.696000
46419,51.832300,6.464300
46444,51.831800,6.246700
46446,51.839300,6.247900
46459,51.809700,6.400400
46480,51.666800,6.608800
46482,51.663100,6.668250
46483,51.666900,6.620400
46485,51.663700,6.682400
46487,51.683300,6.576200
46499,51.732600,6.590300
46509,51.658800,6.453000
46514,51.683300,6.866700
46519,51.583300,6.516700
46535,51.559000,6.735700
46537,51.577400,6.746500
46539,51.567500,6.762500
46562,51.625100,6.652500
46569,51.650000,6.783300
47044,51.439400,6.784400
47048,51.428600,6.799500
47049,51.431000,6.759300
47050,51.439600,6.763100
47051,51.429400,6.774400
47053,51.421600,6.755300
47055,51.403400,6.770300
47057,51.421600,6.795700
47058,51.434600,6.785800
47059,51.437500,6.742800
47118,51.452517,6.733900
47119,51.463200,6.732800
47137,51.468000,6.771500
47138,51.433300,6.750000
47139,51.478400,6.733400
47161,51.491500,6.742100
47163,51.504950,6.763150
47166,51.491300,6.774100
47167,51.507000,6.796300
47169,51.504400,6.753800
47178,51.433300,6.750000
47179,51.433300,6.750000
47198,51.449900,6.690100
47199,51.433300,6.750000
47226,51.407600,6.721500
47228,51.413400,6.696300
47229,51.391000,6.707100
47239,51.392600,6.656400
47249,51.383100,6.752100
47259,51.361400,6.724600
47269,51.360100,6.779300
47279,51.392900,6.798100
47299,51.429900,6.692400
47300,51.478900,6.794200
47303,51.431400,6.763300
47305,51.432100,6.775700
47439,51.454275,6.626500
47441,51.446300,6.639600
47443,51.454200,6.667900
47445,51.450000,6.650000
47447,51.450000,6.650000
47475,51.504700,6.545900
47493,51.546622,6.593511
47495,51.546500,6.595200
47504,51.443050,6.554850
47506,51.450000,6.550000
47509,51.466700,6.466700
47526,51.251100,6.796100
47533,51.788300,6.138600
47546,51.739100,6.291000
47551,51.766700,6.166700
47559,51.783300,6.016700
47574,51.678700,6.159000
47589,51.665200,6.273700
47608,51.519100,6.323600
47623,51.582900,6.241400
47624,51.583300,6.250000
47625,51.583300,6.250000
47626,51.583300,6.250000
47627,51.583300,6.250000
47638,51.441900,6.266400
47647,51.450000,6.366700
47652,51.626800,6.197900
47661,51.533300,6.433300
47665,51.607400,6.379200
47669,51.397400,6.291900
47789,54.768400,9.441600
47791,51.292000,6.519900
47792,51.334425,6.553150
47795,51.320900,6.566100
47796,51.328600,6.573700
47798,51.331100,6.561600
47799,51.331900,6.571700
47800,51.342800,6.595100
47802,51.333300,6.568300
47803,51.351600,6.549600
47804,51.303700,6.503200
47805,51.325100,6.580500
47807,51.304000,6.589900
47809,51.328100,6.616000
47829,51.355300,6.636600
47839,51.375500,6.509100
47875,51.249800,6.477800
47877,51.263700,6.547300
47904,51.362900,6.429400
47906,51.364300,6.418600
47918,51.320900,6.494100
47929,51.336300,6.340700
48079,51.960000,7.631000
48084,51.905600,7.651800
48108,51.987300,7.633900
48119,51.953300,7.619500
48121,51.931200,7.591300
48122,51.954300,7.631200
48123,51.955100,7.630800
48124,51.948400,7.640800
48125,51.978000,7.637500
48126,51.949100,7.614300
48127,51.961100,7.629200
48128,51.961200,7.625000
48129,51.961200,7.600700
48130,51.959200,7.613600
48131,51.991100,7.620700
48132,51.924100,7.562000
48133,51.962500,7.635900
48134,51.961500,7.636500
48135,51.961312,7.627212
48136,51.948447,7.626700
48137,51.939100,7.624100
48138,51.934700,7.652600
48139,51.964400,7.628500
48140,52.137000,7.557900
48141,51.967100,7.634800
48143,51.959700,7.631400
48145,51.966700,7.633300
48147,51.985800,7.648000
48149,51.971600,7.606800
48151,51.951000,7.618100
48153,51.926800,7.631300
48155,51.959700,7.634900
48157,52.000300,7.689300
48159,51.991500,7.612400
48161,51.947100,7.544600
48163,51.917600,7.572500
48165,51.903000,7.639500
48167,51.916200,7.710800
48172,51.959200,7.635200
48229,51.973600,7.991500
48231,51.951100,7.987600
48249,51.831500,7.280800
48268,52.093600,7.594000
48282,52.173400,7.527800
48291,51.980000,7.782900
48301,51.933300,7.350000
48308,51.856400,7.483300
48317,51.795300,7.738200
48324,51.855900,7.788400
48329,51.983300,7.416700
48336,51.992200,8.040700
48341,52.050000,7.466700
48346,52.040200,7.842300
48351,51.925900,7.846900
48356,52.083300,7.483300
48361,51.929100,8.111200
48366,52.055600,7.357700
48369,52.173700,7.634000
48416,52.269400,7.416400
48427,52.285747,7.446912
48429,52.286800,7.443700
48431,52.277200,7.432000
48432,52.267200,7.444300
48455,52.300700,7.157600
48465,52.324557,7.215886
48477,52.297600,7.583800
48480,52.398767,7.486633
48485,52.244700,7.371800
48488,52.400000,7.300000
48493,52.209400,7.319000
48496,52.381700,7.601600
48499,52.325600,7.430500
48522,52.432920,7.066500
48525,52.432500,7.061100
48527,52.449100,7.051800
48529,52.414900,7.076600
48531,52.451700,7.106500
48563,52.150180,7.332880
48565,52.150400,7.336600
48596,52.207980,7.045947
48599,52.201200,7.040900
48607,52.208000,7.189900
48612,52.081000,7.305400
48619,52.116700,7.100000
48624,52.100000,7.233300
48629,52.144300,7.212700
48649,51.949100,7.167700
48651,51.959027,7.182909
48653,51.943500,7.168100
48681,52.079267,7.003333
48683,52.092000,6.973900
48691,52.037900,6.828000
48702,51.991163,6.914238
48703,51.994000,6.919200
48712,51.954000,7.004800
48720,52.016700,7.216700
48727,51.978300,7.292600
48734,51.832400,7.034700
48739,52.033300,7.100000
49068,52.267500,8.046400
49070,52.265900,8.017100
49074,52.273800,8.052100
49076,52.283200,7.948500
49078,52.265100,8.009600
49080,52.249100,8.036700
49082,52.244000,8.061300
49084,52.266700,8.072500
49086,52.288700,8.089200
49088,52.266700,8.050000
49090,52.298300,8.013100
49101,52.264900,8.059700
49124,52.203000,8.044800
49134,52.350000,8.016700
49143,52.233300,8.166700
49152,52.317500,8.413000
49163,52.366700,8.316700
49170,52.209400,7.920600
49176,52.164400,8.146800
49179,52.350000,8.233300
49186,52.154900,8.042200
49191,52.300000,8.133300
49195,52.098100,8.097400
49196,52.100000,8.083300
49201,52.116700,8.200000
49205,52.237500,7.961100
49213,52.090400,8.173900
49214,52.116700,8.166700
49219,52.084700,7.999400
49324,52.197700,8.338900
49326,52.200000,8.350000
49328,52.200000,8.350000
49356,52.607800,8.370100
49374,52.720800,8.276900
49375,52.726312,8.285687
49377,52.726300,8.286000
49393,52.658900,8.225000
49401,52.521600,8.197900
49406,52.715467,8.538100
49413,52.662200,8.124400
49419,52.550000,8.583300
49424,52.788300,8.432000
49429,52.833300,8.316700
49434,52.516700,8.066700
49439,52.586400,8.215700
49447,52.441500,8.336300
49448,52.469317,8.384600
49451,52.583300,8.116700
49453,52.617840,8.500560
49456,52.741200,8.195500
49457,52.650000,8.433300
49459,52.533300,8.350000
49475,52.274713,7.717367
49477,52.260100,7.713500
49479,52.266700,7.733300
49492,52.316700,7.883300
49497,52.316700,7.783300
49504,52.283300,7.916700
49509,52.368900,7.721200
49523,52.184760,7.857280
49525,52.186600,7.860400
49536,52.150000,7.983300
49541,52.262700,7.781200
49545,52.219600,7.813600
49549,52.133300,7.750000
49562,52.402675,7.975050
49565,52.408800,7.972900
49577,52.566667,7.844433
49584,52.516700,7.676700
49586,52.450200,7.836100
49593,52.551600,7.948400
49594,52.500000,7.950000
49596,52.576800,8.003400
49597,52.483300,8.016700
49599,52.433300,7.750000
49609,52.673917,7.952800
49610,52.675000,7.949800
49624,52.736800,7.758100
49626,52.603300,7.739400
49632,52.700000,7.916700
49635,52.633300,7.983300
49637,52.683300,7.816700
49638,52.615000,7.860700
49659,52.848017,8.044917
49661,52.847500,8.045000
49681,52.950000,8.016700
49685,52.833300,8.150000
49688,52.794700,7.867100
49691,52.802600,8.120300
49692,52.816700,8.116700
49696,52.851200,7.971600
49699,52.850000,7.783300
49716,52.690600,7.291000
49733,52.788600,7.184100
49740,52.674100,7.484600
49744,52.600000,7.266700
49751,52.843925,7.536225
49757,52.850000,7.688900
49762,52.891675,7.320825
49767,52.656100,7.105700
49770,52.667650,7.591400
49774,52.745500,7.570400
49777,52.774333,7.457433
49779,52.853550,7.274350
49801,52.488400,7.325000
49803,52.525270,7.310630
49808,52.513800,7.313300
49809,52.522300,7.328400
49811,52.516700,7.316700
49824,52.605567,6.838867
49828,52.519820,6.996600
49832,52.477400,7.515280
49835,52.518100,7.134100
49838,52.566100,7.538320
49843,52.496680,6.856680
49844,52.600000,7.400000
49846,52.583300,6.950000
49847,52.506200,6.803500
49849,52.533300,6.850000
50123,50.949700,6.641000
50124,50.951300,6.631700
50126,50.956200,6.634900
50127,50.941200,6.663100
50129,50.974100,6.679400
50169,50.874800,6.743500
50170,50.896400,6.682900
50171,50.879100,6.693900
50181,50.992600,6.571300
50189,50.937400,6.568300
50226,50.914900,6.811800
50259,50.999600,6.806300
50318,50.828500,6.895400
50319,50.831757,6.903014
50321,50.829300,6.905000
50351,50.880600,6.882450
50354,50.870800,6.867600
50374,50.814800,6.793900
50387,50.821086,6.985186
50389,50.827100,6.974700
50399,50.921200,6.836100
50411,50.947000,6.946500
50412,50.947000,6.946500
50413,50.959725,6.905225
50414,50.947000,6.946500
50415,50.915500,6.864900
50416,50.922800,6.876700
50417,50.940900,6.889900
50418,50.886000,6.922500
50419,50.921200,6.836100
50421,50.942400,6.946900
50422,50.915500,6.864900
50423,53.601200,10.026500
50424,49.232000,7.007300
50425,50.941700,6.952600
50426,50.869400,6.879100
50427,50.935400,6.977700
50428,50.945900,6.959000
50569,50.935400,6.977700
50574,50.922000,6.934600
50575,50.982100,6.896400
50576,50.934500,6.939600
50579,50.934500,6.939600
50580,50.943500,6.972800
50581,50.947000,6.949800
50582,51.519500,7.457700
50583,50.947000,6.949800
50585,50.939000,6.977700
50586,50.916500,6.938500
50587,50.942500,6.955100
50588,50.944000,6.954000
50589,50.944000,6.954000
50590,50.966525,6.969425
50591,50.943800,6.942000
50592,50.964500,7.053000
50593,50.947000,6.946500
50594,50.937900,6.872300
50595,50.937200,6.922300
50596,50.941000,6.938300
50598,50.915400,6.939800
50600,50.940000,6.951300
50602,50.936600,6.947000
50603,50.945900,6.959000
50604,50.935500,6.940800
50605,50.939000,6.981700
50606,50.853943,7.040039
50607,50.943800,6.954500
50657,50.955200,6.968000
50658,50.956100,6.953100
50661,50.947000,6.946500
50662,50.932800,6.957000
50663,50.926500,6.982000
50664,50.930825,6.974900
50667,50.938700,6.954700
50668,50.949900,6.962800
50670,50.950400,6.950200
50672,50.943900,6.936300
50674,50.932600,6.934200
50676,50.931400,6.952600
50677,50.921400,6.950700
50678,50.923300,6.963500
50679,50.936500,6.978100
50725,51.005400,6.959600
50726,50.982267,6.943408
50727,51.001100,6.950000
50728,50.969600,6.970700
50729,50.958100,6.975300
50730,50.964900,6.983900
50733,50.964300,6.953700
50735,50.989600,6.962200
50737,50.992300,6.933400
50739,50.980700,6.921200
50765,51.019800,6.868400
50767,51.003300,6.884700
50769,51.045800,6.876000
50819,50.958600,6.887150
50820,50.976600,6.858700
50823,50.951100,6.926400
50825,50.954100,6.910300
50827,50.966700,6.900000
50829,50.974600,6.871300
50855,50.922275,6.859100
50858,50.924300,6.856500
50859,50.953500,6.832800
50919,50.940900,6.889900
50922,50.922500,6.935600
50924,50.926533,6.923500
50925,50.938700,6.923800
50926,50.927986,6.912643
50927,50.941971,6.893757
50928,50.912550,6.918350
50931,50.932300,6.918300
50933,50.942700,6.876300
50935,50.922500,6.895600
50937,50.912400,6.910800
50939,50.907800,6.924700
50960,50.908600,6.975100
50962,50.908600,6.975100
50963,50.905750,6.961875
50964,50.941900,6.982100
50965,50.915800,6.941100
50966,50.936200,6.949400
50968,50.903300,6.964700
50969,50.903600,6.938500
50996,50.883400,6.990200
50997,50.864000,6.951200
50999,50.875300,7.020200
51057,50.953800,6.990900
51058,50.962738,7.023800
51059,50.964500,7.053000
51061,50.994000,7.003000
51063,50.968500,7.005400
51065,50.954900,7.012100
51067,50.965600,7.042000
51069,50.992500,7.053700
51101,50.941057,7.018900
51103,50.942000,7.016600
51105,50.918800,6.997200
51107,50.923600,7.090500
51109,50.944700,7.069900
51139,50.883400,7.061500
51140,50.897425,7.056800
51141,50.913600,7.067500
51143,50.859800,7.036000
51145,50.882400,7.080400
51147,50.868600,7.107300
51149,50.905500,7.041400
51169,50.910600,7.047200
51170,50.913120,7.048390
51171,50.964500,7.053000
51172,50.964500,7.053000
51173,50.964500,7.053000
51174,50.912600,7.052800
51175,50.916500,6.938500
51178,50.910600,7.047200
51221,50.917200,7.050400
51222,50.912600,7.052800
51365,51.014100,6.988100
51366,51.014100,6.988100
51367,51.064133,7.027467
51369,51.014100,6.988100
51370,51.033500,7.017200
51371,51.064500,6.959200
51373,51.030700,6.989800
51375,51.033100,7.052000
51377,51.050900,7.063300
51379,51.066500,7.004000
51381,51.050000,7.016700
51399,51.084700,7.113900
51424,50.961200,7.183800
51425,50.963850,7.153050
51427,50.952000,7.111400
51429,50.965500,7.182300
51462,50.982500,7.109880
51463,50.985800,7.133800
51465,50.989100,7.129000
51467,51.008900,7.105200
51469,50.985400,7.114100
51489,50.965200,7.328400
51491,50.932700,7.283900
51503,50.895600,7.181800
51515,51.050000,7.266700
51519,51.033300,7.116700
51545,50.875800,7.616900
51570,50.790900,7.567600
51578,50.929200,7.760500
51580,50.928400,7.643200
51588,50.904300,7.540600
51597,50.866600,7.727900
51598,50.903800,7.809600
51641,51.023717,7.567600
51643,51.014300,7.572400
51645,51.000600,7.569300
51647,51.033300,7.550000
51674,50.949500,7.550600
51688,51.116100,7.398600
51700,51.027400,7.690400
51702,51.025000,7.656000
51709,51.083200,7.530900
51766,50.988500,7.413900
51777,50.983800,7.409800
51789,51.019600,7.377600
52028,50.811600,6.060500
52045,50.771700,6.085100
52046,50.784600,6.067700
52047,50.777300,6.130600
52049,50.772200,6.088700
52053,50.780800,6.133200
52054,50.770500,6.086400
52055,50.780800,6.133200
52056,50.777100,6.077800
52057,50.776500,6.042400
52058,50.775700,6.083300
52059,50.774400,6.087900
52060,50.767617,6.149500
52062,50.776000,6.087200
52064,50.768300,6.076000
52066,50.756400,6.091400
52068,50.778700,6.108500
52070,50.788400,6.104400
52072,50.803400,6.062700
52074,50.747900,6.048500
52076,50.716700,6.148100
52078,50.762400,6.138000
52080,50.779300,6.164200
52081,50.791700,6.106700
52084,50.771100,6.089100
52090,50.768500,6.098100
52099,50.766700,6.148600
52101,50.791300,6.062400
52115,50.861400,6.081400
52134,50.868700,6.093200
52146,50.818100,6.134700
52152,50.600000,6.300000
52156,50.554600,6.240000
52159,50.650000,6.200000
52220,50.775230,6.228460
52222,50.777500,6.220900
52223,50.731800,6.210400
52224,50.740000,6.287700
52249,50.818500,6.271800
52348,50.800500,6.475637
52349,50.800900,6.478800
52351,50.808600,6.498200
52353,50.829400,6.462000
52355,50.790700,6.465900
52372,50.747000,6.490700
52379,50.816700,6.350000
52382,50.883300,6.466700
52385,50.692700,6.484400
52388,50.806000,6.639500
52391,50.733300,6.600000
52393,50.716700,6.366700
52396,50.636900,6.469000
52399,50.826800,6.524900
52425,50.901300,6.397400
52426,50.903800,6.388400
52428,50.921500,6.362700
52441,50.980000,6.270500
52445,51.006200,6.424800
52457,50.900000,6.283300
52459,50.843100,6.360000
52475,50.875887,6.175875
52477,50.876700,6.164000
52499,50.909600,6.188700
52509,50.968313,6.117962
52511,50.967500,6.117600
52523,51.060040,6.116000
52525,51.064850,6.043950
52531,50.917700,6.123400
52538,51.007300,5.963900
53094,50.726000,7.111400
53095,50.679100,7.160000
53096,50.728000,7.095500
53099,50.705300,7.046300
53100,50.739300,7.055900
53102,50.708300,7.112900
53103,50.736600,7.095100
53104,50.712200,7.060100
53105,50.728832,7.100341
53106,50.713433,7.123400
53107,50.716950,7.059588
53108,50.741673,7.080682
53109,50.730900,7.094525
53110,50.716000,7.128400
53111,50.736200,7.100200
53113,50.723100,7.106800
53115,50.727200,7.085100
53117,50.761000,7.063000
53119,50.743100,7.059000
53121,50.731700,7.057500
53123,50.711000,7.048900
53125,50.733300,7.100000
53127,50.711200,7.066800
53129,50.720700,7.107000
53160,50.704800,7.140900
53168,50.673300,7.182800
53169,50.735100,7.071700
53170,50.694400,7.149647
53171,50.711400,7.126400
53173,50.690200,7.166600
53175,50.697500,7.141700
53177,50.681300,7.154600
53179,50.665300,7.182200
53221,50.745000,7.124700
53222,50.750575,7.130513
53223,50.719100,7.151900
53225,50.746200,7.129400
53227,50.724800,7.155500
53229,50.732300,7.184700
53241,50.719100,7.117000
53243,50.719100,7.117000
53245,50.719100,7.117000
53247,50.715600,7.130500
53248,50.712300,7.134600
53249,50.724100,7.064500
53250,50.715600,7.130500
53251,50.715600,7.130500
53252,50.704800,7.140900
53253,50.827700,7.099300
53254,50.715600,7.130500
53255,50.756500,7.090800
53262,50.711400,7.126400
53284,50.716000,7.128400
53285,50.728000,7.095500
53286,50.728000,7.095500
53287,50.728000,7.095500
53288,50.728000,7.095500
53289,48.154400,11.588600
53330,50.757700,7.004600
53332,50.763100,6.990900
53338,50.635680,7.031420
53340,50.623900,7.029400
53343,50.633300,7.100000
53347,50.733300,7.016700
53357,50.627133,6.949633
53359,50.625600,6.949100
53423,50.563675,7.248825
53424,50.578800,7.227000
53426,50.492033,7.168933
53455,50.571400,7.093500
53470,50.551600,7.054450
53474,50.543200,7.111300
53489,50.543800,7.246400
53498,50.490600,7.262867
53501,50.583300,7.066700
53505,50.536150,6.960200
53506,50.485950,6.995217
53507,50.533300,7.050000
53508,50.520800,7.016900
53518,50.364963,6.930500
53520,50.399379,6.887658
53533,50.407483,6.822383
53534,50.353367,6.859917
53539,50.309375,6.906600
53545,50.572450,7.279900
53547,50.565729,7.375557
53557,50.516900,7.312000
53560,50.616700,7.350000
53562,50.583300,7.383300
53567,50.676700,7.405950
53572,50.598250,7.234450
53577,50.620900,7.432500
53578,50.641200,7.353500
53579,50.583300,7.233300
53602,50.634133,7.222667
53604,50.643400,7.227800
53619,50.616700,7.233300
53637,50.691256,7.206878
53639,50.702600,7.258400
53717,50.794900,7.204100
53718,50.794100,7.275800
53719,50.796273,7.207573
53721,50.800200,7.207700
53754,50.770954,7.188477
53757,50.775400,7.197000
53773,50.775600,7.283100
53783,50.766700,7.450000
53797,50.838700,7.214000
53804,50.874700,7.353700
53809,50.843700,7.484100
53819,50.866700,7.325000
53839,50.814683,7.145717
53840,50.815200,7.172000
53842,50.818900,7.118900
53844,50.801500,7.127100
53859,50.815000,7.037800
53877,50.663200,6.801978
53879,50.660600,6.787200
53881,50.627200,6.847800
53884,50.587000,6.650500
53894,50.639900,6.704200
53902,50.556700,6.764200
53909,50.700000,6.650000
53913,50.700000,6.916700
53919,50.752900,6.845800
53925,50.542200,6.563000
53937,50.529000,6.476900
53940,50.441200,6.436100
53945,50.433300,6.650000
53947,50.493700,6.629000
53949,50.386100,6.547700
54187,49.770800,6.670400
54189,49.748700,6.618700
54190,49.798600,6.693000
54286,49.745700,6.688400
54287,49.760267,6.650367
54290,49.753700,6.639300
54292,49.772800,6.664500
54293,49.750000,6.633300
54294,49.744000,6.618800
54295,49.750000,6.633300
54296,49.750000,6.633300
54298,49.788843,6.584114
54306,49.833300,6.633300
54308,49.724400,6.499100
54309,49.812400,6.583000
54310,49.827767,6.483333
54311,49.762300,6.559900
54313,49.900000,6.700000
54314,49.616667,6.686100
54316,49.677778,6.723156
54317,49.726133,6.769042
54318,49.772100,6.732900
54320,49.746200,6.745400
54329,49.700500,6.576500
54331,49.692450,6.588700
54332,49.707400,6.539400
54338,49.811050,6.767950
54340,49.827475,6.827317
54341,49.766700,6.783300
54343,49.859300,6.764800
54344,49.800000,6.716700
54346,49.800000,6.833300
54347,49.855500,6.897800
54349,49.824700,6.899300
54411,49.724000,7.014700
54413,49.690486,6.921414
54421,49.691650,6.891650
54422,49.658667,7.032767
54424,49.754000,6.988260
54426,49.765921,6.955050
54427,49.633100,6.822200
54429,49.625000,6.775000
54439,49.593275,6.469250
54441,49.619508,6.534917
54450,49.543500,6.532900
54451,49.604900,6.595500
54453,49.650000,6.450000
54455,49.575200,6.574500
54456,49.658350,6.500000
54457,49.609000,6.426000
54459,49.659200,6.592600
54469,49.919540,7.063640
54470,49.922400,7.052200
54472,49.886737,7.074275
54483,49.900000,7.183300
54484,49.933300,7.000000
54486,49.912500,7.019500
54487,49.883300,6.950000
54492,49.966667,7.022233
54497,49.809300,7.056500
54498,49.886400,6.916500
54516,50.001350,6.913200
54518,49.938290,6.831186
54523,49.891650,6.783350
54524,49.900000,6.883300
54526,49.983300,6.766700
54528,49.933300,6.850000
54529,49.983300,6.683300
54531,50.098180,6.826580
54533,50.054160,6.837760
54534,50.031975,6.807975
54536,49.983300,7.083300
54538,50.018233,7.012267
54539,49.979400,7.006100
54550,50.197200,6.829400
54552,50.205046,6.887935
54558,50.122240,6.917440
54567,50.240900,6.660000
54568,50.222200,6.659800
54570,50.183215,6.712120
54574,50.183300,6.608300
54576,50.279250,6.668150
54578,50.304825,6.699962
54579,50.350000,6.750000
54584,50.342467,6.599367
54585,50.366700,6.616700
54586,50.333300,6.583300
54587,50.316700,6.608350
54589,50.350000,6.516650
54595,50.201283,6.400600
54597,50.188006,6.433361
54608,50.233750,6.292738
54610,50.216700,6.550000
54611,50.356750,6.430000
54612,50.111133,6.477767
54614,50.155300,6.437688
54616,50.216700,6.216700
54617,50.133333,6.172233
54619,50.131409,6.221755
54634,49.952900,6.523340
54636,49.981946,6.482459
54646,49.946940,6.374340
54647,49.977767,6.633300
54649,50.094782,6.372391
54655,50.055050,6.599892
54657,50.038900,6.605567
54662,49.945825,6.658325
54664,49.902200,6.621700
54666,49.845400,6.457000
54668,49.872070,6.430240
54669,49.852700,6.357900
54673,50.011344,6.248870
54675,49.936042,6.296184
54687,50.089600,6.270700
54689,50.051827,6.181836
55097,49.981800,8.290200
55098,50.016100,8.254100
55099,49.995800,8.246400
55100,49.963900,8.205900
55101,49.993000,8.259200
55116,50.001000,8.268800
55118,50.000000,8.271100
55120,50.019600,8.232100
55122,49.995000,8.237000
55124,50.002500,8.214800
55126,49.983600,8.176700
55127,50.000000,8.271100
55128,49.980800,8.242200
55129,49.966100,8.266300
55130,49.987300,8.296500
55131,49.982300,8.260900
55146,50.003900,8.246700
55147,49.997000,8.254600
55148,49.994900,8.228000
55149,49.997000,8.254600
55150,49.960900,8.253200
55218,49.970800,8.058800
55232,49.776500,8.115350
55234,49.735374,8.114639
55237,49.782233,8.059000
55239,49.784700,8.194200
55246,50.005100,8.313400
55252,50.010200,8.284400
55257,50.016700,8.166700
55262,50.000000,8.126100
55263,49.974400,8.116700
55266,49.904800,8.203600
55268,49.911700,8.205300
55270,49.914611,8.145122
55271,49.912200,8.125300
55276,49.845950,8.354700
55278,49.832969,8.272538
55283,49.870000,8.336500
55286,49.845850,8.107950
55288,49.837083,8.124283
55291,49.877400,8.136300
55294,49.935300,8.320000
55296,49.906467,8.277233
55299,49.915300,8.338900
55408,49.969200,7.936200
55409,49.960662,7.913700
55411,49.966700,7.899200
55413,50.013983,7.807533
55422,50.053600,7.734750
55424,49.943400,7.894300
55425,49.950000,7.833300
55430,50.102600,7.713967
55432,50.108350,7.691650
55435,49.956700,8.015700
55437,49.921750,8.018850
55442,49.948475,7.776550
55444,49.935367,7.753183
55450,49.900000,7.900000
55452,49.909317,7.844000
55457,49.900000,7.950000
55459,49.904150,7.949650
55469,49.995024,7.532753
55471,49.979773,7.482173
55481,49.946007,7.389786
55483,49.925060,7.338150
55487,49.915960,7.331000
55490,49.885183,7.462933
55491,49.907000,7.271100
55494,50.017129,7.643071
55496,49.966700,7.600000
55497,49.982500,7.630250
55499,49.959000,7.556700
55538,49.841200,7.866700
55540,49.839000,7.858600
55541,49.816094,8.070650
55543,49.836800,7.864700
55545,49.848400,7.837800
55546,49.810575,7.916525
55559,49.878000,7.896500
55566,49.816033,7.622533
55568,49.753333,7.651867
55569,49.816050,7.594050
55571,49.764800,7.706100
55576,49.856660,7.966680
55578,49.857620,8.044320
55583,49.811600,7.845200
55585,49.790700,7.791333
55590,49.707200,7.667700
55592,49.716680,7.639980
55593,49.850000,7.816700
55595,49.862246,7.733737
55596,49.805567,7.722233
55597,49.816700,7.975000
55599,49.797060,7.977460
55606,49.794200,7.490260
55608,49.803600,7.414900
55618,49.809800,7.522800
55619,49.816700,7.433300
55621,49.716700,7.550000
55624,49.871733,7.343117
55626,49.842800,7.378300
55627,49.797667,7.553367
55629,49.848467,7.532233
55743,49.736200,7.328220
55756,49.783300,7.333300
55758,49.774615,7.320312
55765,49.650267,7.174078
55767,49.670135,7.189235
55768,49.616700,7.200000
55774,49.648900,7.397500
55776,49.608629,7.260843
55777,49.577950,7.293950
55779,49.600000,7.233350
56037,50.388700,7.582900
56040,50.376900,7.583600
56048,50.372700,7.555100
56053,50.359300,7.585800
56054,50.337200,7.558400
56055,50.347700,7.495000
56056,50.357300,7.602600
56057,50.361500,7.572100
56058,50.337200,7.558400
56059,50.341600,7.585500
56060,50.359000,7.568200
56062,50.357400,7.579600
56063,50.360875,7.585675
56064,50.357020,7.579440
56065,50.358076,7.592118
56066,50.358900,7.571800
56068,50.356700,7.593200
56070,50.384900,7.574100
56072,50.357800,7.525100
56073,50.358600,7.581200
56075,50.320100,7.568200
56076,50.350000,7.600000
56077,50.350000,7.600000
56078,50.380500,7.564900
56079,50.387400,7.578900
56080,50.388700,7.582900
56112,50.300000,7.616700
56128,50.329300,7.728700
56129,50.334900,7.720600
56130,50.335400,7.713700
56132,50.326567,7.711333
56133,50.333300,7.683300
56154,50.230800,7.589900
56170,50.422900,7.579200
56179,50.397950,7.620500
56182,50.383300,7.633300
56191,50.416700,7.600000
56203,50.434700,7.669000
56204,50.406400,7.698600
56206,50.459650,7.681650
56218,50.385100,7.498900
56220,50.400480,7.510960
56235,50.467550,7.715250
56237,50.485189,7.670044
56242,50.527280,7.748940
56244,50.541741,7.804841
56249,50.583300,7.733300
56253,50.171700,7.302200
56254,50.189700,7.355150
56269,50.555200,7.672750
56271,50.557100,7.662800
56276,50.508350,7.641650
56281,50.147620,7.580360
56283,50.181875,7.498737
56288,50.068264,7.452771
56290,50.120233,7.401989
56291,50.105041,7.583565
56294,50.255800,7.360680
56295,50.308900,7.379500
56299,50.350000,7.383300
56305,50.613800,7.561400
56307,50.574067,7.590733
56316,50.574967,7.625000
56317,50.570800,7.566650
56321,50.276900,7.621950
56322,50.258800,7.648400
56323,50.283300,7.550000
56329,50.148800,7.707200
56330,50.302300,7.456100
56332,50.262491,7.443727
56333,50.316700,7.516700
56335,50.383600,7.709600
56337,50.382375,7.720025
56338,50.273600,7.645100
56340,50.243950,7.646600
56341,50.231500,7.604250
56346,50.180567,7.687900
56348,50.147850,7.732483
56349,50.088300,7.760700
56355,50.210800,7.821220
56357,50.202770,7.804658
56368,50.267671,7.945371
56370,50.272519,7.962819
56377,50.305350,7.796600
56379,50.330553,7.852135
56407,50.437800,7.835300
56409,50.437238,7.828050
56410,50.435900,7.823200
56412,50.406530,7.868690
56414,50.478527,7.935980
56422,50.471900,7.798400
56424,50.473500,7.825720
56427,50.486400,7.779700
56428,50.466700,7.783300
56456,50.561067,7.976400
56457,50.577667,7.971400
56459,50.560448,7.945110
56462,50.616700,7.983300
56469,50.651425,7.947375
56470,50.649500,7.949600
56472,50.649810,7.969610
56476,50.846100,9.678100
56477,50.641700,8.073825
56479,50.618694,8.075667
56560,50.428000,7.466400
56562,50.433300,7.467540
56564,50.432600,7.463000
56566,50.436900,7.545200
56567,50.456500,7.469300
56575,50.417200,7.450700
56578,50.505300,7.487000
56579,50.513533,7.502000
56581,50.510367,7.472167
56584,50.508325,7.566675
56587,50.546400,7.524133
56588,50.550000,7.416700
56589,50.523600,7.418850
56593,50.593086,7.515386
56594,50.569100,7.527500
56598,50.491650,7.341650
56599,50.450000,7.383300
56624,50.431650,7.409500
56626,50.431100,7.404200
56630,50.395700,7.362500
56637,50.392600,7.392500
56642,50.383300,7.333300
56645,50.414200,7.327300
56647,50.388000,7.404000
56648,50.383300,7.416700
56651,50.448683,7.191900
56653,50.427767,7.250000
56656,50.483000,7.329100
56659,50.454600,7.277200
56723,50.328700,7.231100
56724,50.325950,7.240250
56725,50.326600,7.224900
56727,50.331567,7.190933
56729,50.336537,7.087163
56736,50.350000,7.250000
56743,50.361800,7.280100
56745,50.398280,7.166000
56746,50.425567,7.098033
56751,50.283250,7.286625
56753,50.281740,7.310620
56754,50.220500,7.261083
56759,50.239540,7.089040
56761,50.238709,7.162791
56766,50.208540,6.972540
56767,50.255636,6.992064
56769,50.279150,7.004175
56812,50.141467,7.167333
56814,50.153840,7.177310
56818,50.166700,7.200000
56820,50.091650,7.202075
56821,50.100000,7.233300
56823,50.172900,7.083200
56825,50.136471,7.057414
56826,50.142300,6.991333
56828,50.176800,7.039500
56829,50.177767,7.261100
56841,49.950800,7.115600
56843,49.960225,7.163850
56850,49.967000,7.210000
56856,50.029200,7.182300
56858,50.046940,7.273660
56859,50.054500,7.130350
56861,50.016700,7.116700
56862,50.040000,7.128000
56864,50.066700,7.033300
56865,50.036529,7.288400
56867,50.016700,7.150000
56869,50.066700,7.350000
57068,50.906300,8.027700
57069,50.874781,8.028644
57070,50.877800,8.027800
57072,50.873400,8.010400
57074,50.862500,8.033800
57076,50.899400,8.031000
57078,50.911600,8.008000
57080,50.834000,8.021900
57110,50.912200,7.910900
57223,50.967800,7.988500
57234,50.816700,8.100000
57250,50.899800,8.151300
57258,50.897400,7.874100
57271,50.996900,8.110600
57289,50.786740,8.001400
57290,50.800000,8.000000
57299,50.751100,8.079400
57319,51.038796,8.415687
57334,50.940900,8.330200
57339,50.989300,8.252900
57368,51.117200,8.067100
57392,51.154700,8.285000
57399,51.085600,8.088900
57413,51.168000,7.973000
57437,51.129300,7.900600
57439,51.126400,7.903300
57462,51.029000,7.851400
57482,50.966700,7.866700
57489,51.023600,7.773600
57517,50.794078,7.855022
57518,50.776233,7.870633
57520,50.731636,7.913964
57537,50.784767,7.740900
57539,50.769175,7.705225
57548,50.808500,7.886300
57555,50.820900,7.938400
57562,50.777000,7.953700
57567,50.733300,7.966700
57572,50.850000,7.850000
57577,50.759800,7.681950
57578,50.733300,7.883300
57580,50.744433,7.805567
57581,50.814700,7.822400
57583,50.698700,7.879900
57584,50.793700,7.837300
57586,50.725400,7.928100
57587,50.816700,7.733300
57589,50.747867,7.621800
57609,50.688322,7.644411
57610,50.686483,7.663717
57612,50.716135,7.662706
57614,50.646818,7.658755
57626,50.660173,7.813882
57627,50.677380,7.789220
57629,50.671905,7.811547
57632,50.649519,7.529869
57635,50.705838,7.523815
57636,50.700000,7.675000
57638,50.667300,7.583933
57639,50.631850,7.657800
57641,50.623000,7.516900
57642,50.633300,7.866700
57644,50.649900,7.742067
57645,50.675800,7.838300
57647,50.625000,7.891650
57648,50.657750,7.912500
58079,51.362400,7.469000
58080,51.350800,7.441500
58081,51.384800,7.479300
58082,51.381000,7.513200
58083,51.382400,7.518300
58084,51.377500,7.490900
58085,51.366453,7.479524
58086,51.362740,7.477440
58089,51.380100,7.439400
58091,51.320100,7.508000
58093,51.365700,7.520700
58095,51.360600,7.478500
58097,51.366800,7.477600
58099,51.398700,7.490100
58117,51.354643,7.564786
58119,51.352900,7.563000
58133,51.344689,7.418500
58135,51.347400,7.427400
58147,51.392650,7.494433
58237,51.444317,7.570033
58239,51.443900,7.567500
58256,51.298500,7.362900
58283,51.326820,7.354040
58285,51.319700,7.339200
58292,51.379200,7.364810
58298,51.387025,7.391375
58300,51.387500,7.392800
58311,51.417000,7.430027
58313,51.400000,7.435800
58330,51.288980,7.298420
58332,51.286300,7.293900
58339,51.259300,7.468100
58448,51.452400,7.357200
58449,51.442064,7.342082
58452,51.431500,7.334000
58453,51.443400,7.363300
58454,51.464400,7.373900
58455,51.445200,7.330300
58456,51.404600,7.258300
58505,51.225169,7.629192
58507,51.225800,7.634200
58509,51.226900,7.613000
58511,51.216900,7.645700
58513,51.246200,7.620100
58515,51.201200,7.625800
58540,51.107400,7.648400
58553,51.186100,7.498200
58566,51.134000,7.590800
58579,51.241200,7.527900
58603,51.372800,7.705700
58634,51.384181,7.698410
58636,51.380000,7.703200
58638,51.374300,7.696100
58640,51.366700,7.700000
58642,51.370800,7.610900
58644,51.324600,7.696800
58675,51.387100,7.770200
58706,51.440800,7.788700
58708,51.455300,7.776400
58710,51.418700,7.825900
58730,51.475600,7.769500
58739,51.496400,7.865900
58762,51.294700,7.673400
58769,51.316700,7.616700
58791,51.260100,7.766100
58802,51.331500,7.864200
58809,51.282800,7.782500
58840,51.209500,7.872600
58849,51.192300,7.806300
59056,51.677500,7.820200
59057,51.676700,7.805900
59059,51.676700,7.805900
59060,51.678500,7.815200
59061,51.677613,7.814391
59062,51.678800,7.813900
59063,51.674700,7.840700
59065,51.680200,7.813400
59067,51.674200,7.779900
59069,51.645000,7.860800
59071,51.691000,7.870400
59073,51.683300,7.800000
59075,51.686600,7.735900
59077,51.642500,7.734300
59089,51.565750,8.006700
59090,51.560200,7.893600
59172,51.585300,7.665900
59174,51.592300,7.663800
59192,51.616300,7.644500
59199,51.600000,7.766700
59215,51.773000,7.945300
59225,51.762975,7.893450
59227,51.760200,7.884500
59229,51.750200,7.896800
59267,51.762457,8.048886
59269,51.755700,8.040700
59299,51.834986,8.139329
59302,51.828900,8.147200
59320,51.838400,8.030900
59329,51.733300,8.250000
59348,51.768300,7.443800
59366,51.666589,7.633978
59368,51.664500,7.634200
59379,51.696900,7.468100
59385,51.790700,7.608800
59387,51.783300,7.616700
59394,51.738300,7.522000
59399,51.707900,7.378900
59423,51.530200,7.676000
59425,51.548500,7.684900
59427,51.539300,7.728300
59438,51.506000,7.600500
59439,51.500000,7.633300
59455,51.554983,7.908833
59457,51.554900,7.914000
59469,51.513300,7.949400
59490,51.573000,8.098600
59491,51.562424,8.106059
59494,51.575600,8.106200
59495,51.572800,8.114100
59505,51.583300,8.166700
59510,51.676600,8.122400
59514,51.616700,7.966700
59519,51.500000,8.133300
59552,51.672200,8.359500
59553,51.674212,8.354513
59555,51.676700,8.341100
59556,51.666700,8.350000
59557,51.657400,8.343500
59558,51.666700,8.350000
59578,51.451650,8.354800
59581,51.466200,8.310800
59590,51.640900,8.510900
59597,51.603400,8.290800
59602,51.490900,8.436000
59609,51.566700,8.333300
59753,51.437640,7.980480
59755,51.383300,8.083300
59757,51.383300,8.083300
59759,51.426300,7.991300
59817,51.399600,8.074000
59818,51.394775,8.065713
59821,51.399700,8.062700
59823,51.383300,8.083300
59844,51.326780,8.004780
59846,51.328100,8.003700
59870,51.353617,8.248733
59872,51.350200,8.283300
59889,51.267300,8.235100
59909,51.360800,8.400800
59929,51.394600,8.571500
59939,51.356100,8.489000
59955,51.192500,8.534700
59964,51.197100,8.706300
59969,51.102350,8.623250
60060,50.112500,8.653500
60185,50.112500,8.653500
60222,50.136100,8.675500
60223,50.111800,8.659700
60252,50.111100,8.655100
60254,50.112400,8.675800
60255,50.107400,8.740000
60256,50.116400,8.689600
60257,50.099200,8.667000
60259,50.110500,8.690800
60261,50.110900,8.682900
60262,50.113800,8.668400
60263,50.136200,8.649600
60264,50.103600,8.646500
60265,50.109700,8.660700
60267,50.108600,8.629700
60270,50.110500,8.690800
60274,50.110000,8.660800
60275,50.110500,8.682600
60276,50.110900,8.688300
60277,50.116200,8.629800
60278,50.110900,8.682900
60279,50.110900,8.682900
60280,50.110900,8.682900
60281,50.110900,8.682900
60282,50.110900,8.682900
60284,50.109060,8.675780
60285,50.113900,8.653200
60286,50.116200,8.629800
60287,50.110900,8.682900
60289,50.110900,8.682900
60290,50.133800,8.573300
60291,50.104500,8.682200
60296,50.116200,8.629800
60297,50.111900,8.672500
60298,50.221900,8.621200
60300,50.099000,8.633700
60301,50.108700,8.672000
60304,50.221900,8.621200
60305,50.102800,8.659200
60306,50.115900,8.670200
60307,50.120100,8.655200
60308,50.112500,8.652900
60309,50.129100,8.683400
60310,50.110700,8.673000
60311,50.111200,8.683100
60313,50.115300,8.682300
60314,50.113700,8.711900
60316,50.120900,8.696600
60318,50.125200,8.686500
60320,50.139000,8.672500
60322,50.125000,8.676200
60323,50.121900,8.665500
60325,50.115500,8.659600
60326,50.102500,8.629900
60327,50.103800,8.652200
60329,50.107400,8.666300
60377,50.129100,8.683400
60379,50.128000,8.767700
60380,50.133183,8.713083
60382,50.128000,8.767700
60385,50.125300,8.710800
60386,50.126800,8.755400
60388,50.150600,8.753700
60389,50.138300,8.711600
60422,50.117100,8.672400
60423,50.161100,8.659275
60424,50.168057,8.635100
60428,50.188017,8.659983
60429,50.190100,8.654400
60431,50.145700,8.654900
60433,50.160500,8.668400
60435,50.154400,8.691200
60437,50.192400,8.675300
60438,50.178700,8.632000
60439,50.160500,8.633700
60482,50.117200,8.629500
60484,50.125711,8.636267
60485,50.135700,8.569500
60486,50.116200,8.636500
60487,50.125700,8.641400
60488,50.141600,8.615500
60489,50.125200,8.608800
60490,50.117500,8.628400
60519,50.103700,8.666500
60521,50.085100,8.629400
60523,50.085100,8.629400
60524,50.085100,8.629400
60525,50.079175,8.633425
60528,50.083700,8.644000
60529,50.084100,8.591600
60544,50.030200,8.568300
60546,50.030200,8.568300
60547,50.030200,8.568300
60549,50.041300,8.570200
60589,50.098600,8.656500
60590,50.096400,8.661100
60591,50.101475,8.684925
60594,50.103900,8.688600
60596,50.097400,8.673500
60598,50.090000,8.681600
60599,50.096000,8.711100
60600,50.046200,8.579300
60607,50.142200,8.657300
60608,50.136700,8.743000
60609,50.126400,8.585700
60610,50.092000,8.631400
60611,50.113900,8.653200
60612,50.108700,8.658900
60613,50.108700,8.672000
60614,50.101300,8.640400
60615,50.116100,8.634600
60620,50.136100,8.675500
60621,50.109400,8.677200
60622,50.110600,8.672800
60623,50.118900,8.634000
60624,50.095800,8.695200
60625,50.112500,8.667000
60626,50.110900,8.682900
60627,50.105800,8.669800
60628,50.114000,8.648500
60629,50.123500,8.662700
60630,50.126400,8.585700
60631,50.132500,8.677400
60632,50.067200,8.639600
60633,50.114700,8.641600
60634,50.103600,8.666300
60637,50.110900,8.682900
60638,50.030200,8.568300
60639,50.113800,8.668400
60640,50.109800,8.702800
60643,50.106900,8.639900
60644,50.106900,8.639900
60645,50.106900,8.639900
60647,52.515900,13.328000
60651,50.715600,7.130500
60652,50.715600,7.130500
60699,50.113900,8.653200
61116,50.192867,8.742278
61118,50.178700,8.737600
61130,50.238100,8.867000
61137,50.205600,8.833300
61138,50.194200,8.800000
61167,50.330020,8.749560
61169,50.337400,8.755900
61182,50.228675,8.760875
61184,50.230200,8.771600
61191,50.293075,8.696450
61194,50.283300,8.833300
61197,50.328700,8.916700
61200,50.400000,8.816700
61203,50.356400,8.874500
61206,50.283300,8.766700
61209,50.388900,8.886100
61229,50.361200,8.742543
61231,50.364600,8.738600
61239,50.373500,8.690900
61250,50.335500,8.536900
61267,50.316700,8.500000
61273,50.300000,8.566700
61276,50.333300,8.416700
61279,50.390200,8.456900
61300,50.238700,8.588400
61341,50.218800,8.616700
61342,50.212800,8.655000
61343,50.221465,8.623820
61344,50.217500,8.617100
61345,50.221100,8.624200
61346,50.215300,8.623500
61348,50.226500,8.612000
61350,50.237700,8.602400
61352,50.216700,8.616700
61378,50.080500,8.632267
61381,50.249600,8.642800
61389,50.266700,8.450000
61434,50.111100,8.655100
61435,50.212000,8.574200
61437,50.203275,8.581700
61440,50.207300,8.577500
61449,50.164800,8.570600
61462,50.177025,8.466225
61474,50.178500,8.507900
61476,50.178900,8.513400
61479,50.216700,8.400000
63057,50.106600,8.753800
63059,50.105300,8.741800
63060,50.134800,8.921500
63061,50.105700,8.761100
63063,50.097325,8.765458
63064,50.083300,8.745100
63065,50.105400,8.762000
63067,50.106900,8.734400
63069,50.089400,8.749400
63071,50.099300,8.785200
63073,50.100000,8.766700
63075,50.123000,8.792100
63106,50.024600,8.894500
63110,50.026300,8.885900
63126,50.014567,8.788933
63128,50.009800,8.777800
63147,50.052500,8.810000
63150,50.055500,8.800800
63165,50.107800,8.831800
63177,50.072200,8.856267
63179,50.071400,8.851200
63222,49.984167,8.662733
63223,49.997000,8.653300
63225,49.989600,8.668500
63256,50.053000,8.656300
63257,50.047443,8.699486
63258,50.045200,8.686000
63259,50.048300,8.712600
63263,50.058300,8.691800
63299,50.025533,8.699633
63303,50.020000,8.696100
63317,49.964400,8.823100
63318,49.977600,8.827900
63322,49.974000,8.828200
63328,49.965300,8.660300
63329,49.967900,8.663400
63405,50.133300,8.916700
63438,50.114700,8.641600
63441,50.114700,8.641600
63442,50.122100,8.931300
63443,50.122700,8.920000
63446,50.130050,8.924417
63447,50.096400,8.900400
63450,50.131600,8.920800
63452,50.144200,8.916900
63454,50.139100,8.886400
63456,50.113900,8.910700
63457,50.106300,8.949500
63475,49.921000,8.732833
63477,50.150000,8.833300
63486,50.178500,8.923200
63499,50.046575,8.968875
63500,50.043200,8.973900
63505,50.176600,9.040000
63512,50.083300,8.933300
63517,50.150000,9.033300
63526,50.163000,8.978200
63532,50.016000,9.001600
63533,50.012700,8.990100
63538,50.083300,8.983300
63543,50.200000,8.983300
63546,50.216700,8.983300
63549,50.227800,9.055600
63569,50.202333,9.188267
63571,50.201600,9.187400
63579,50.132300,9.134600
63584,50.206400,9.138800
63589,50.166700,9.216700
63594,50.166700,9.100000
63599,50.180600,9.286100
63607,50.255100,9.295600
63619,50.227900,9.347800
63628,50.275700,9.367000
63633,50.350000,9.300000
63636,50.316700,9.283300
63637,50.179200,9.458300
63639,50.120800,9.437500
63652,50.286129,9.113929
63654,50.290100,9.111400
63667,50.413300,9.006400
63674,50.287500,8.943700
63679,50.503500,9.125200
63683,50.355800,9.056000
63688,50.424800,9.198400
63691,50.357400,8.983700
63694,50.259100,8.977600
63695,50.316700,9.000000
63697,50.400000,9.133300
63699,50.344800,9.211400
63715,49.978700,9.157900
63735,49.981500,9.276100
63736,49.979543,9.152014
63739,49.975700,9.147800
63741,49.975100,9.131400
63743,49.964800,9.164700
63754,50.090250,9.053100
63755,50.088800,9.064600
63762,49.919900,9.076000
63768,50.006500,9.207600
63773,49.999500,9.184400
63776,50.069200,9.163700
63784,49.829000,9.153600
63785,49.835800,9.131000
63791,50.048700,9.028700
63796,50.069800,9.005500
63801,50.000000,9.066700
63806,49.963600,9.190000
63808,49.964400,9.207200
63811,49.970000,9.071500
63814,49.981700,9.090000
63820,49.842900,9.163600
63825,50.080450,9.246775
63826,50.123300,9.196600
63828,50.116700,9.266700
63829,50.083200,9.206100
63831,50.116700,9.366700
63834,49.911500,9.153200
63839,49.874600,9.169300
63840,49.869700,9.210300
63843,49.912200,9.136900
63846,50.016700,9.300000
63849,49.901400,9.221700
63853,49.859700,9.083300
63856,49.969400,9.268600
63857,49.975300,9.301900
63860,49.965300,9.393900
63863,49.818900,9.259200
63864,50.000000,9.150000
63867,50.031600,9.142500
63868,49.879400,9.153400
63869,50.028200,9.371200
63871,50.071100,9.343000
63872,49.889200,9.295600
63874,49.857700,9.327600
63875,49.914400,9.291900
63877,50.024600,9.259300
63879,49.930800,9.366100
63897,49.704500,9.267300
63906,49.803400,9.163100
63911,49.785100,9.180300
63916,49.644400,9.221800
63920,49.728300,9.222800
63924,49.716250,9.196350
63925,49.745800,9.176100
63927,49.714800,9.269200
63928,49.705600,9.329200
63930,49.707200,9.402500
63931,49.618000,9.177900
63933,49.793300,9.268600
63934,49.773100,9.246100
63936,49.640200,9.250600
63937,49.668100,9.216400
63939,49.797200,9.153900
64271,49.898100,8.654400
64272,49.862700,8.639800
64273,49.878800,8.639900
64275,49.878500,8.635600
64276,49.870169,8.636500
64277,49.875400,8.655900
64278,49.881271,8.652071
64279,49.891400,8.611000
64280,49.816200,8.631600
64283,49.871900,8.648400
64285,49.859100,8.648600
64287,49.867600,8.664400
64289,49.897200,8.680900
64291,49.911100,8.657300
64293,49.887500,8.644600
64295,49.861100,8.637300
64297,49.819200,8.644900
64304,49.862700,8.639800
64305,49.858800,8.622000
64306,49.855000,8.487200
64307,49.870225,8.631700
64308,49.816200,8.631600
64319,49.805600,8.603100
64331,49.903900,8.588700
64342,49.765000,8.651900
64346,49.861300,8.589800
64347,49.860900,8.572500
64354,49.829200,8.835700
64367,49.815600,8.708100
64372,49.830800,8.748900
64380,49.859700,8.761700
64385,49.712100,8.839000
64390,49.955300,8.647500
64395,49.773900,8.884400
64397,49.760600,8.720800
64401,49.800600,8.824300
64404,49.759200,8.617500
64405,49.764700,8.785000
64407,49.746100,8.858600
64409,49.938300,8.740600
64517,49.930100,8.496800
64518,49.858750,8.488188
64520,49.913400,8.485500
64521,49.921400,8.482500
64542,49.981800,8.581500
64543,49.979200,8.574350
64545,50.014600,8.580500
64546,49.994700,8.583600
64560,49.834100,8.496200
64569,49.950800,8.463300
64572,49.903300,8.523300
64579,49.753100,8.488600
64584,49.783600,8.474400
64589,49.809400,8.472800
64623,49.678186,8.615671
64624,49.669400,8.618300
64625,49.683700,8.618400
64646,49.640700,8.636700
64653,49.650000,8.566700
64658,49.650800,8.784700
64665,49.738600,8.595800
64668,49.625000,8.763100
64673,49.723900,8.610800
64678,49.683700,8.781500
64683,49.676700,8.548300
64686,49.725800,8.703300
64689,49.630000,8.882200
64711,49.661500,8.994000
64720,49.675700,9.003700
64732,49.743200,9.007500
64738,49.804867,9.003233
64739,49.799700,8.999400
64743,49.568600,8.974400
64747,49.800000,9.066700
64750,49.788300,9.075300
64753,49.732500,8.962200
64754,49.569900,9.062900
64756,49.653300,8.928900
64757,49.499200,8.919200
64807,49.897400,8.846100
64823,49.869000,8.932100
64832,49.965200,8.951300
64839,49.922800,8.867800
64846,49.875800,8.834400
64850,49.924200,9.009400
64853,49.826100,8.922500
64859,49.950600,8.853900
65164,50.964500,7.053000
65166,50.081000,8.219400
65169,50.074100,8.255300
65170,50.063200,8.272100
65171,50.074100,8.255300
65172,50.074100,8.255300
65173,50.069783,8.239900
65174,50.068263,8.242553
65175,50.073733,8.244127
65176,50.044425,8.216100
65177,50.046800,8.203567
65178,50.063200,8.272100
65179,50.070000,8.253400
65180,50.071400,8.252300
65181,50.086300,8.243900
65182,50.067900,8.250000
65183,50.081700,8.238900
65185,50.077300,8.242400
65187,50.069100,8.225400
65189,50.071000,8.256500
65191,50.087600,8.279700
65193,50.089600,8.242800
65195,50.109500,8.196700
65197,50.079400,8.215700
65199,50.073400,8.196000
65201,50.044100,8.203600
65203,50.045000,8.245300
65205,50.061300,8.344200
65207,50.123000,8.301800
65209,50.145600,8.558300
65212,50.029100,8.275400
65215,50.055700,8.290500
65216,50.044500,8.161700
65218,50.007200,8.413600
65219,50.150000,8.150000
65220,50.150000,8.150000
65221,50.150000,8.150000
65222,50.150000,8.150000
65223,50.150000,8.150000
65224,50.150000,8.150000
65232,50.137700,8.133700
65239,50.014400,8.352200
65307,50.142000,8.069600
65321,50.164900,7.953500
65326,50.250000,8.066700
65329,50.200000,8.066700
65341,50.046300,8.124800
65343,50.033300,8.116700
65344,50.033300,8.116700
65345,50.033300,8.116700
65346,50.033300,8.116700
65347,50.013200,8.061500
65366,49.984700,7.968400
65375,50.000000,8.000000
65385,49.982100,7.929600
65388,50.093200,8.103100
65391,50.065850,7.812650
65396,50.040000,8.155400
65399,50.039600,8.085300
65423,49.991800,8.412900
65424,49.988029,8.413171
65428,49.989600,8.422500
65438,50.009600,8.420933
65439,50.013100,8.427800
65450,50.052300,8.535633
65451,50.061300,8.529200
65462,49.971100,8.345300
65468,49.926400,8.407300
65473,49.986800,8.359000
65474,49.993900,8.367200
65479,50.013200,8.452500
65509,50.209800,8.257400
65510,50.225500,8.225050
65520,50.297000,8.269000
65527,50.163100,8.313400
65529,50.250000,8.333300
65546,50.390400,8.053400
65547,50.389538,8.063075
65549,50.383000,8.061100
65550,50.383300,8.050000
65551,50.383300,8.050000
65552,50.383300,8.050000
65553,50.383300,8.050000
65554,50.383300,8.050000
65555,50.383300,8.050000
65556,50.383300,8.050000
65558,50.351907,8.001314
65580,50.371200,8.022589
65582,50.386600,7.997533
65589,50.445900,8.042500
65594,50.405700,8.154600
65597,50.328600,8.147600
65599,50.516700,8.016700
65604,50.416700,8.033300
65606,50.392900,8.193100
65611,50.355600,8.177800
65614,50.458300,8.145800
65617,50.336400,8.243700
65618,50.350000,8.266700
65620,50.516700,8.116700
65623,50.294300,8.063750
65624,50.366700,7.983300
65626,50.358100,8.002700
65627,50.500000,8.050000
65629,50.333300,8.050000
65717,50.084533,8.445211
65719,50.090200,8.449300
65754,50.134600,8.569900
65755,50.133800,8.573300
65756,50.137917,8.569683
65757,50.160500,8.534700
65758,50.138200,8.581600
65760,50.143300,8.571100
65779,50.137000,8.450200
65784,50.070600,8.491100
65795,50.078500,8.475500
65810,50.147900,8.499800
65812,50.140800,8.504500
65817,50.142800,8.392300
65823,50.144000,8.531300
65824,50.150000,8.533300
65830,50.084100,8.469800
65835,50.118500,8.488500
65840,50.128800,8.521200
65842,50.131071,8.521243
65843,50.134000,8.528000
65844,50.128800,8.521200
65925,50.108280,8.552780
65927,50.096100,8.538000
65929,50.104500,8.538900
65931,50.091000,8.504400
65933,50.097900,8.599900
65934,50.102700,8.574900
65936,50.120700,8.566300
66087,49.232000,7.031200
66088,49.239200,6.985800
66090,49.227500,7.025100
66094,49.225100,7.042100
66097,49.239700,6.955800
66098,49.235900,6.992300
66099,49.232000,7.031200
66100,49.220500,7.035100
66101,49.232000,7.007300
66102,49.239700,6.979800
66103,49.235000,6.989800
66104,49.235531,6.999569
66106,49.239800,6.999300
66108,49.240700,7.006400
66109,49.233000,7.002000
66111,49.246100,7.002200
66113,49.243100,6.975700
66115,49.239900,6.969600
66117,49.214600,6.968200
66119,49.208700,7.020200
66121,49.229000,7.012400
66123,49.233300,7.000000
66125,49.271800,7.032500
66126,49.233300,7.000000
66127,49.233300,7.000000
66128,49.233300,7.000000
66129,49.233300,7.000000
66130,49.247000,6.910500
66131,49.233300,7.000000
66132,49.233300,7.000000
66133,49.233300,7.000000
66150,49.213600,6.968100
66265,49.336300,6.930400
66271,49.157800,7.037300
66280,49.300000,7.066700
66287,49.316700,7.050000
66292,49.300000,6.933300
66299,49.327900,7.096200
66330,49.252500,6.851100
66333,49.251600,6.858700
66346,49.285500,6.887200
66352,49.203000,6.841500
66359,49.277300,6.801300
66386,49.277000,7.116700
66399,49.183300,7.166700
66421,49.315300,7.342800
66424,49.326400,7.338700
66440,49.237200,7.256200
66450,49.346200,7.255300
66453,49.150000,7.200000
66458,49.286700,7.216100
66459,49.283300,7.233300
66482,49.246900,7.369800
66484,49.227567,7.454100
66497,49.250000,7.433300
66500,49.185550,7.384400
66501,49.308350,7.425000
66503,49.234000,7.474000
66504,49.183300,7.500000
66506,49.266700,7.533300
66507,49.282800,7.509600
66509,49.233300,7.500000
66538,49.344800,7.179900
66539,49.336600,7.219100
66540,49.367000,7.184100
66557,49.373600,7.047600
66564,49.401300,7.164200
66571,49.400000,6.966700
66578,49.366700,7.133300
66583,49.316700,7.133300
66589,49.350000,7.050000
66606,49.466300,7.168100
66620,49.607600,6.969900
66625,49.575900,7.080800
66629,49.550000,7.250000
66636,49.483700,7.036900
66640,49.521700,7.140700
66646,49.452300,7.058200
66649,49.512600,7.083800
66661,49.465100,6.615100
66663,49.443300,6.638700
66679,49.518100,6.735000
66687,49.541200,6.887700
66693,49.493600,6.596900
66701,49.400000,6.700000
66706,49.471700,6.381300
66709,49.550000,6.816700
66738,49.325700,6.748300
66740,49.313700,6.751500
66763,49.355600,6.727800
66773,49.300000,6.816700
66780,49.375600,6.684400
66787,49.266700,6.783300
66793,49.354300,6.804900
66798,49.327500,6.711000
66802,49.241900,6.698400
66806,49.300000,6.783300
66809,49.383300,6.783300
66822,49.411200,6.909900
66839,49.433300,6.850000
66849,49.413100,7.570200
66851,49.362500,7.602075
66862,49.416700,7.616700
66869,49.542100,7.390750
66871,49.535079,7.354229
66877,49.444500,7.555300
66879,49.495057,7.527157
66882,49.416700,7.483300
66885,49.559250,7.462300
66887,49.568280,7.491573
66892,49.383300,7.433300
66894,49.351844,7.455556
66901,49.407400,7.372300
66903,49.438780,7.341160
66904,49.432500,7.380000
66907,49.478950,7.442050
66909,49.477000,7.389090
66914,49.383300,7.333300
66916,49.424600,7.286100
66917,49.322367,7.501600
66919,49.325000,7.579414
66950,49.194300,7.608000
66951,49.204517,7.595833
66953,49.214900,7.629000
66954,49.207100,7.591100
66955,49.183900,7.613400
66957,49.149075,7.564812
66969,49.173100,7.651100
66976,49.239400,7.639600
66978,49.261100,7.704650
66981,49.216700,7.700000
66986,49.261200,7.562400
66987,49.266700,7.583300
66989,49.245960,7.559460
66994,49.151000,7.778400
66996,49.093767,7.753283
66999,49.200000,7.750000
67055,49.480000,8.444100
67056,49.494900,8.434000
67057,49.474000,8.425100
67059,49.482800,8.437600
67061,49.470500,8.445400
67063,49.499000,8.410900
67065,49.460300,8.416200
67067,49.481100,8.435300
67069,49.523500,8.402200
67071,49.489000,8.379100
67075,49.443600,8.403400
67076,49.474000,8.425100
67077,49.474800,8.426500
67078,49.474800,8.426500
67082,49.476000,8.455600
67098,49.456300,8.081400
67105,49.384200,8.377500
67112,49.441400,8.356100
67117,49.424400,8.391900
67122,49.435600,8.494700
67125,49.440300,8.308600
67126,49.419400,8.281700
67127,49.430000,8.261400
67133,49.488100,8.291700
67134,49.481400,8.261900
67136,49.461100,8.292200
67141,49.427800,8.424700
67146,49.407800,8.184400
67147,49.425800,8.191100
67149,49.404400,8.239200
67150,49.415000,8.210000
67152,49.400300,8.196100
67157,49.448000,8.171200
67158,49.461700,8.259400
67159,49.446900,8.223100
67161,49.448100,8.238600
67165,49.395300,8.440300
67166,49.372200,8.447800
67167,49.489200,8.224700
67169,49.490800,8.176100
67225,49.537533,8.354589
67227,49.538600,8.354000
67229,49.546733,8.241333
67240,49.587500,8.357800
67245,49.513600,8.287800
67246,49.563300,8.244700
67251,49.506500,8.211900
67256,49.518100,8.247800
67258,49.545800,8.307800
67259,49.571475,8.311150
67269,49.563000,8.162800
67271,49.560517,8.156450
67273,49.516900,8.167850
67278,49.606700,8.184900
67280,49.576350,8.117500
67281,49.536500,8.192500
67283,49.544200,8.204400
67292,49.662500,8.015100
67294,49.685400,8.040978
67295,49.639200,8.011900
67297,49.632800,8.040000
67304,49.569450,8.043000
67305,49.536900,8.013300
67307,49.595000,8.050800
67308,49.630409,8.115427
67310,49.535600,8.073600
67311,49.538600,8.103900
67316,49.503900,8.041700
67317,49.507500,8.073300
67319,49.521700,8.061700
67340,49.319900,8.420800
67342,49.319900,8.420800
67343,49.318979,8.434450
67346,49.320800,8.431100
67354,49.295400,8.407000
67360,49.253900,8.338600
67361,49.271700,8.271900
67363,49.244800,8.274100
67365,49.270000,8.328600
67366,49.259500,8.286200
67368,49.246400,8.323600
67373,49.318600,8.388600
67374,49.316700,8.340800
67376,49.294200,8.345000
67377,49.291100,8.265800
67378,49.232800,8.247200
67429,49.353806,8.143518
67433,49.346500,8.149100
67434,49.350500,8.136300
67435,49.356700,8.137800
67454,49.362800,8.258100
67459,49.380600,8.303900
67466,49.370500,8.072600
67468,49.401800,8.024133
67471,49.366700,7.933300
67472,49.383300,7.983300
67473,49.380300,8.098600
67475,49.416700,8.000000
67480,49.283900,8.127100
67482,49.280825,8.212500
67483,49.265167,8.166100
67487,49.302800,8.118500
67489,49.301900,8.165600
67545,49.637227,8.356120
67547,49.632600,8.361900
67549,49.635600,8.333800
67550,49.635600,8.359700
67551,49.616300,8.275300
67574,49.703800,8.324200
67575,49.750000,8.398900
67577,49.768100,8.340300
67578,49.777800,8.375000
67580,49.732300,8.432700
67582,49.740000,8.325800
67583,49.797500,8.345600
67585,49.768600,8.269700
67586,49.776400,8.256100
67587,49.778600,8.280300
67590,49.637200,8.211900
67591,49.628300,8.223200
67592,49.675500,8.208900
67593,49.693150,8.235850
67595,49.727800,8.292200
67596,49.751800,8.240800
67598,49.696100,8.202500
67599,49.675800,8.237800
67650,49.439000,7.774300
67653,49.441658,7.764094
67655,49.442500,7.765900
67657,49.449500,7.794800
67659,49.446700,7.760900
67661,49.412600,7.710700
67663,49.436000,7.750300
67677,49.483300,7.900000
67678,49.491400,7.854700
67680,49.516700,7.916700
67681,49.519700,7.859600
67685,49.494725,7.619250
67686,49.466700,7.583300
67688,49.472800,7.657900
67691,49.442100,7.895000
67693,49.425000,7.900000
67697,49.503000,7.769900
67699,49.544050,7.755900
67700,49.583300,7.700000
67701,49.550000,7.716700
67705,49.368450,7.756450
67706,49.366700,7.666700
67707,49.350000,7.683300
67714,49.283300,7.666700
67715,49.326100,7.697100
67716,49.316700,7.716700
67718,49.333300,7.733300
67722,49.562525,7.849725
67724,49.572250,7.811500
67725,49.572200,7.954600
67727,49.550000,7.850000
67728,49.550000,7.883300
67729,49.550000,7.933300
67731,49.485500,7.734500
67732,49.519700,7.678800
67734,49.508350,7.683350
67735,49.516700,7.716700
67737,49.536050,7.645950
67742,49.645812,7.582425
67744,49.651277,7.594885
67745,49.650000,7.566700
67746,49.666700,7.511100
67748,49.683300,7.650000
67749,49.608650,7.550600
67752,49.583600,7.612800
67753,49.600000,7.633320
67754,49.558200,7.564200
67756,49.588867,7.588900
67757,49.550000,7.633300
67759,49.616650,7.716650
67806,49.632086,7.791786
67808,49.639746,7.864100
67811,49.666700,7.816700
67813,49.675000,7.866700
67814,49.622700,7.946800
67816,49.601650,7.996950
67817,49.583300,7.883300
67819,49.709900,7.916900
67821,49.716700,7.816700
67822,49.714990,7.828330
67823,49.718940,7.761200
67824,49.766700,7.800000
67826,49.759300,7.788800
67827,49.650000,7.683300
67829,49.688867,7.694433
68051,49.452600,8.519100
68112,49.487500,8.468800
68122,49.479900,8.473000
68123,49.449000,8.505100
68124,49.494100,8.456600
68126,49.480800,8.483100
68127,49.477600,8.491000
68128,49.505700,8.506900
68130,49.504300,8.473200
68131,49.482200,8.466600
68132,49.497100,8.498500
68133,49.475600,8.471200
68134,49.478400,8.467900
68135,49.491200,8.487000
68136,49.474400,8.493400
68138,49.511700,8.498900
68139,49.471975,8.540075
68140,49.488086,8.481600
68141,49.478300,8.475800
68142,49.484600,8.481350
68143,49.453900,8.512700
68144,49.480925,8.491375
68145,49.501000,8.474667
68146,49.490475,8.485900
68147,49.475600,8.471200
68148,49.493200,8.481200
68149,49.485225,8.464650
68150,49.468325,8.485475
68151,49.488720,8.475030
68156,49.485300,8.466400
68159,49.493400,8.465300
68161,49.487300,8.469500
68163,49.488300,8.464700
68165,49.477200,8.481800
68167,49.499600,8.493900
68169,49.503000,8.469300
68197,49.456738,8.497575
68199,49.459800,8.488100
68219,49.488300,8.464700
68229,49.488300,8.464700
68239,49.488300,8.464700
68259,49.490300,8.533900
68298,49.528700,8.469200
68299,49.516700,8.478000
68300,49.505700,8.506900
68301,49.533425,8.474625
68302,49.504450,8.509050
68305,49.525700,8.496500
68307,49.546100,8.448800
68309,49.512100,8.531600
68517,49.540500,8.585050
68519,49.540300,8.578200
68526,49.473100,8.609000
68535,49.457200,8.606400
68542,49.505600,8.603600
68549,49.474000,8.567400
68619,49.599060,8.467960
68623,49.597900,8.472500
68642,49.642700,8.459400
68647,49.691700,8.458600
68649,49.721100,8.482800
68721,49.384412,8.577163
68723,49.380633,8.587167
68753,49.249900,8.512600
68764,49.333000,8.536400
68766,49.323300,8.551900
68775,49.367800,8.531100
68782,49.397200,8.533600
68789,49.265900,8.618000
68794,49.273900,8.471700
68799,49.298300,8.564200
68804,49.301700,8.499200
68809,49.298100,8.518300
69108,49.403400,8.683500
69110,49.401000,8.672400
69111,49.401841,8.678800
69112,49.403450,8.678689
69113,49.405200,8.676200
69115,49.406200,8.686800
69117,49.409500,8.693500
69118,49.419400,8.734500
69120,49.416900,8.676400
69121,49.432200,8.682400
69123,49.416700,8.700000
69124,49.382900,8.665600
69126,49.375700,8.691100
69151,49.389000,8.795900
69159,49.288200,8.660100
69168,49.295000,8.698500
69181,49.347400,8.687300
69189,49.293400,8.641700
69190,49.306400,8.642400
69198,49.473700,8.663600
69207,49.342800,8.659200
69214,49.401900,8.636400
69221,49.450300,8.674700
69226,49.323900,8.695600
69231,49.269400,8.703400
69234,49.284200,8.738100
69239,49.407400,8.843400
69242,49.248600,8.726700
69245,49.356100,8.779400
69250,49.436600,8.808800
69251,49.366400,8.749700
69253,49.483300,8.795000
69254,49.247200,8.682800
69256,49.340800,8.800300
69257,49.361400,8.803600
69259,49.470600,8.753600
69412,49.466800,8.990200
69427,49.534400,9.204400
69429,49.459200,9.091900
69434,49.463000,8.862000
69436,49.411100,8.927800
69437,49.400000,9.066700
69439,49.419200,9.040600
69465,49.554100,8.663700
69469,49.548900,8.667000
69483,49.570000,8.831700
69488,49.562500,8.706900
69493,49.506200,8.665700
69502,49.590700,8.647800
69509,49.599200,8.734700
69514,49.613300,8.653900
69517,49.532500,8.729500
69518,49.536700,8.787500
70131,48.785500,9.176000
70134,48.772000,9.164200
70135,48.770200,9.155900
70136,48.776100,9.174600
70137,48.778100,9.166700
70138,48.778000,9.169200
70139,48.786300,9.180800
70140,48.781600,9.176700
70141,48.773400,9.167900
70143,48.824600,9.273900
70144,48.786000,9.180900
70145,48.793600,9.190200
70146,48.791500,9.199300
70148,48.778400,9.177400
70149,48.788200,9.183600
70150,48.793600,9.203600
70151,48.770800,9.168100
70152,48.775500,9.185400
70153,48.801600,9.184800
70154,48.787100,9.190400
70155,48.788200,9.183600
70158,48.763600,9.161100
70161,48.774900,9.178000
70162,48.778600,9.170900
70166,48.748500,9.166100
70167,48.781500,9.178000
70168,48.780100,9.178200
70171,48.789300,9.208500
70173,48.772650,9.180000
70174,48.782400,9.182467
70176,48.771833,9.168633
70178,48.769375,9.172075
70180,48.765333,9.175767
70182,48.770600,9.182700
70184,48.769920,9.192120
70186,48.769250,9.193750
70188,48.777367,9.200800
70190,48.779100,9.197700
70191,48.789900,9.193233
70192,48.791933,9.178067
70193,48.772900,9.167700
70195,48.771450,9.156850
70197,48.766850,9.165900
70199,48.763100,9.167333
70320,48.810300,9.180700
70322,48.785400,9.241100
70323,48.767300,9.247600
70324,48.766475,9.256925
70327,48.774743,9.244500
70329,48.767325,9.248075
70345,48.823300,9.223900
70363,48.800000,9.220100
70365,48.809600,9.191400
70366,48.800000,9.220100
70367,48.800000,9.220100
70369,48.807714,9.224086
70372,48.804100,9.215900
70374,48.794300,9.211367
70376,48.801825,9.207475
70378,48.837000,9.227000
70429,48.842500,9.212300
70431,48.838300,9.188900
70432,48.830750,9.159050
70435,48.800050,9.174450
70437,48.825950,9.197783
70439,48.823250,9.158550
70464,48.817200,9.165600
70465,48.775500,8.904500
70466,48.814771,9.173743
70467,48.802300,9.223600
70469,48.796867,9.170667
70494,48.821500,9.095800
70496,48.823725,9.098625
70499,48.806986,9.119671
70537,48.711900,9.167900
70538,48.697200,9.143500
70539,48.720200,9.129800
70545,48.738700,9.111500
70546,48.723900,9.169900
70547,48.725000,9.123400
70549,48.722500,9.119300
70550,48.745100,9.104400
70551,48.732033,9.108500
70552,48.776400,9.162900
70556,48.776400,9.162900
70560,48.730450,9.149000
70563,48.740633,9.144233
70565,48.727750,9.138233
70567,48.738733,9.161033
70569,48.746425,9.125525
70593,48.711900,9.214100
70594,48.710000,9.199300
70597,48.744583,9.159733
70599,48.715800,9.204586
70619,48.749920,9.216940
70627,48.694000,9.192400
70628,48.694000,9.192400
70629,48.725150,9.197700
70637,48.814800,9.163900
70640,48.824000,9.298300
70644,48.802300,9.223600
70730,48.821200,9.268100
70731,48.818215,9.270062
70732,48.763600,9.161100
70734,48.808600,9.279200
70736,48.823900,9.272000
70764,48.697200,9.143500
70765,48.696400,9.145400
70766,48.695700,9.161300
70767,48.698775,9.141525
70768,48.672900,9.177700
70769,48.694360,9.165880
70771,48.694100,9.168100
70788,48.659800,9.225800
70790,48.535875,9.791025
70791,48.658100,9.223100
70792,48.654350,9.213425
70794,48.657000,9.220500
70801,48.862300,9.187900
70803,48.856867,9.178133
70804,48.861800,9.179000
70806,48.861600,9.185700
70821,48.850400,9.109900
70822,48.843556,9.119378
70825,48.816700,9.116700
70836,48.803518,9.071436
70839,48.799500,9.063200
71028,48.684800,8.984200
71029,48.941164,9.021857
71032,48.682100,9.011700
71034,48.690200,8.970500
71058,48.706700,8.998100
71060,48.706594,9.011387
71063,48.709400,8.998800
71065,48.702300,9.021900
71067,48.723300,9.007700
71069,48.717200,8.968400
71083,48.595200,8.866500
71087,48.631300,9.030900
71088,48.639700,9.011500
71093,48.622700,9.063500
71101,48.658700,9.060100
71106,48.744700,8.966800
71111,48.638300,9.132600
71116,48.641800,8.900700
71120,48.708300,8.918300
71125,48.524400,8.843100
71126,48.550000,8.816700
71131,48.575000,8.786500
71134,48.678500,8.895200
71137,48.651800,8.946500
71139,48.658800,8.941200
71144,48.666700,9.116700
71148,48.524400,8.843100
71149,48.520600,8.837000
71154,48.622500,8.890100
71155,48.631100,8.996300
71157,48.624200,8.966000
71159,48.533200,8.774500
71226,48.797256,9.012122
71229,48.800000,9.016700
71252,48.821483,9.066817
71254,48.826700,9.067000
71261,48.756167,8.864467
71263,48.749500,8.871800
71272,48.769700,8.938700
71277,48.808100,8.945400
71282,48.866700,9.033300
71287,48.846900,8.928300
71292,48.833300,8.833300
71296,48.806600,8.867400
71297,48.866700,8.866700
71299,48.850000,8.833300
71327,48.825700,9.310300
71328,48.829029,9.310586
71332,48.828500,9.313100
71334,48.843000,9.310000
71336,48.833300,9.300000
71361,48.872780,9.391120
71364,48.875600,9.398200
71384,48.809200,9.377400
71394,48.807500,9.322400
71397,48.887900,9.392700
71404,48.843000,9.362600
71409,48.877300,9.349600
71520,48.950925,9.434500
71522,48.947400,9.437200
71540,48.981900,9.570500
71543,49.060100,9.387800
71546,48.966700,9.400000
71549,48.933300,9.500000
71554,48.930100,9.476900
71560,49.003000,9.500300
71563,48.922700,9.323600
71566,48.915600,9.569800
71570,48.982700,9.458500
71573,48.906600,9.468200
71576,48.928100,9.372400
71577,49.053700,9.513600
71579,49.040800,9.444400
71629,48.890400,9.195000
71630,48.883208,9.189658
71631,48.893814,9.198014
71632,48.890300,9.185500
71634,48.907600,9.177600
71636,48.890100,9.174600
71638,48.890900,9.189800
71640,48.892400,9.218000
71642,48.907000,9.217400
71665,48.935600,8.960400
71672,48.970000,9.328600
71679,48.905300,9.135000
71686,48.878300,9.267300
71691,48.932000,9.202400
71696,48.887400,9.126900
71701,48.876400,9.074400
71706,48.904900,9.080600
71711,48.963000,9.271100
71717,49.039400,9.315000
71718,49.062100,9.367000
71720,49.026100,9.320800
71723,49.001500,9.293500
71726,48.946700,9.242100
71729,48.942600,9.296200
71732,48.919900,9.115600
71735,48.879400,8.965000
71737,48.943000,9.340800
71739,48.926500,9.027000
72070,48.524100,9.017700
72072,48.516600,9.058100
72074,48.531100,9.070500
72076,48.536900,9.053600
72105,48.472800,8.946800
72108,48.479600,8.950000
72116,48.405700,9.054200
72119,48.553400,8.972200
72124,48.559300,9.207500
72127,48.522900,9.119800
72131,48.416700,9.033300
72135,48.607600,9.100400
72138,48.533100,9.147300
72141,48.587000,9.181400
72144,48.453600,9.055500
72145,48.412500,8.887400
72147,48.431000,9.069900
72149,48.483300,8.883300
72160,48.488900,8.673400
72172,48.362400,8.633100
72175,48.350100,8.509000
72178,48.500000,8.566700
72181,48.433300,8.816700
72184,48.483300,8.750000
72186,48.392600,8.710400
72189,48.334500,8.663900
72200,48.553400,8.725900
72202,48.549800,8.723700
72213,48.586500,8.604000
72218,48.623400,8.745200
72221,48.520700,8.644300
72224,48.583300,8.683300
72226,48.616700,8.516700
72227,48.566700,8.616700
72229,48.566700,8.700000
72250,48.467000,8.413700
72270,48.503200,8.377000
72275,48.345100,8.402000
72280,48.472000,8.498200
72285,48.526500,8.565800
72290,48.400000,8.450000
72291,48.366700,8.483300
72293,48.442500,8.511200
72294,48.572900,8.545400
72296,48.454800,8.551300
72297,48.591900,8.417800
72299,48.566700,8.566700
72332,48.272300,8.854500
72334,48.274900,8.856346
72336,48.275300,8.854600
72348,48.286400,8.723600
72351,48.287700,8.812400
72355,48.210000,8.759500
72356,48.242000,8.741400
72358,48.236900,8.773300
72359,48.228500,8.792300
72361,48.198300,8.836300
72362,48.132600,8.891500
72364,48.163000,8.861100
72365,48.193700,8.795200
72367,48.189800,8.764900
72369,48.220500,8.719300
72379,48.351500,8.963200
72393,48.291100,9.112900
72401,48.366100,8.803600
72406,48.310100,8.917400
72411,48.388900,8.977000
72414,48.381700,8.889400
72415,48.332300,8.887000
72417,48.327900,9.041000
72419,48.247700,9.183100
72458,48.213500,9.026300
72459,48.216700,9.016700
72461,48.251000,9.018200
72469,48.183200,8.965700
72474,48.183300,9.116700
72475,48.244000,9.091400
72477,48.100000,9.000000
72479,48.178000,9.090600
72488,48.088300,9.230300
72501,48.252400,9.223500
72505,48.016500,9.247600
72510,48.116700,9.083300
72511,48.111300,9.272400
72513,48.216000,9.231700
72514,48.070300,9.180000
72516,48.072900,9.294900
72517,48.065900,9.262100
72519,48.185100,9.210800
72525,48.411300,9.497000
72531,48.344783,9.351117
72532,48.399800,9.390600
72534,48.275300,9.477600
72535,48.445633,9.664233
72537,48.376100,9.566000
72539,48.276400,9.360000
72555,48.537000,9.283300
72574,48.491100,9.400100
72581,48.530800,9.344600
72582,48.524000,9.461500
72584,48.519800,9.407900
72585,48.560300,9.268800
72587,48.498433,9.542633
72589,48.515100,9.624200
72622,48.625600,9.342000
72631,48.633300,9.266700
72636,48.593500,9.360100
72639,48.554600,9.375500
72644,48.650000,9.366700
72649,48.650000,9.283300
72654,48.589800,9.234800
72655,48.594200,9.271600
72657,48.591400,9.221900
72658,48.571800,9.268300
72660,48.569300,9.404100
72661,48.565000,9.301900
72663,48.590500,9.307800
72664,48.558400,9.335800
72666,48.611700,9.263700
72667,48.604300,9.222700
72669,48.654500,9.358000
72757,48.493514,9.209757
72758,48.486700,9.222700
72760,48.509400,9.204000
72762,48.484500,9.193900
72764,48.493100,9.212500
72766,48.511000,9.223200
72768,48.483300,9.216700
72770,48.494200,9.166600
72780,48.496500,9.147900
72781,48.788500,9.180000
72793,48.464600,9.228000
72800,48.486900,9.259500
72805,48.439600,9.252800
72810,48.453500,9.095800
72813,48.483300,9.316700
72818,48.308400,9.244900
72820,48.383300,9.183300
72827,48.516700,9.150000
72829,48.392475,9.300825
73025,48.703000,9.659200
73027,48.700000,9.658300
73033,48.707500,9.651400
73035,48.700000,9.666700
73037,48.695900,9.664700
73047,48.689900,9.728100
73054,48.694400,9.700900
73061,48.716000,9.523600
73066,48.704800,9.585700
73072,48.685400,9.810500
73079,48.679300,9.755300
73084,48.692000,9.737100
73087,48.643600,9.613000
73092,48.661800,9.649800
73095,48.691400,9.564900
73098,48.730800,9.644200
73099,48.762300,9.599900
73101,48.635600,9.563700
73102,48.747300,9.661100
73104,48.753800,9.631800
73105,48.640800,9.635400
73107,48.652600,9.670400
73108,48.640200,9.650700
73110,48.666500,9.574600
73111,48.710100,9.865100
73113,48.736500,9.748400
73114,48.653200,9.706200
73116,48.759900,9.687300
73117,48.729300,9.611700
73119,48.648800,9.571400
73207,48.710700,9.419500
73227,48.624200,9.450700
73228,48.645600,9.441300
73230,48.646800,9.453800
73235,48.615700,9.537500
73240,48.671200,9.376300
73249,48.693100,9.415300
73252,48.558100,9.466300
73257,48.683300,9.366700
73262,48.710100,9.464300
73265,48.616700,9.450000
73266,48.599100,9.491500
73268,48.556600,9.432100
73269,48.692800,9.464900
73271,48.633300,9.516700
73272,48.578700,9.564500
73274,48.670800,9.457200
73275,48.646000,9.527000
73277,48.587400,9.449800
73278,48.673600,9.518100
73309,48.621100,9.831200
73312,48.608867,9.812300
73326,48.597100,9.718900
73329,48.635800,9.799900
73333,48.659800,9.780900
73337,48.599900,9.795900
73340,48.578800,9.873900
73342,48.588300,9.703900
73344,48.594800,9.643900
73345,48.547200,9.673600
73347,48.566700,9.650000
73349,48.561300,9.625400
73425,48.834100,10.093000
73427,48.794600,9.801900
73428,48.834693,10.096107
73430,48.840900,10.093100
73431,48.822000,10.065400
73432,48.833300,10.100000
73433,48.864100,10.104400
73434,48.833300,10.100000
73441,48.858500,10.354200
73446,48.782329,10.105000
73447,48.783800,10.105200
73450,48.755100,10.330400
73453,48.895000,10.001700
73457,48.808600,10.027700
73460,48.892700,10.100600
73463,48.883300,10.183300
73466,48.871300,10.242200
73467,48.879200,10.400300
73469,48.850000,10.433300
73477,48.959933,10.128367
73479,48.962300,10.154500
73485,48.933300,10.366700
73486,48.954800,10.004700
73488,49.016700,10.216700
73489,49.030600,10.097500
73491,48.928000,10.068900
73492,48.933300,10.150000
73494,49.018900,10.029600
73495,49.000000,10.300000
73497,48.978700,10.361300
73499,49.030500,10.272400
73520,48.782100,9.851300
73521,48.782100,9.851300
73522,48.803817,9.807067
73524,48.782100,9.851300
73525,48.798900,9.798900
73527,48.833300,9.808750
73529,48.785200,9.817600
73538,48.786600,9.937200
73540,48.792700,9.933700
73547,48.798300,9.691400
73550,48.766100,9.821300
73553,48.843800,9.718600
73557,48.825900,9.797100
73560,48.819600,9.921300
73563,48.823200,9.962500
73565,48.880600,9.762200
73566,48.753500,9.987500
73568,48.856300,9.796500
73569,48.891400,9.889700
73571,48.861200,9.884000
73572,48.852200,9.943900
73574,48.831700,9.878900
73575,48.849400,9.877500
73577,48.882800,9.815100
73579,48.873400,9.917400
73614,48.805400,9.527200
73630,48.815100,9.423900
73635,48.885200,9.529300
73642,48.876800,9.634300
73650,48.799200,9.479100
73655,48.798800,9.595900
73660,48.816800,9.576900
73663,48.866700,9.466700
73666,48.742200,9.449400
73667,48.930200,9.639000
73669,48.750000,9.483300
73726,48.734277,9.313754
73728,48.739400,9.306100
73730,48.732300,9.325500
73732,48.769000,9.312200
73733,48.750000,9.300000
73734,48.736100,9.297700
73760,48.727000,9.249500
73765,48.683300,9.283300
73770,48.695500,9.316700
73773,48.750300,9.387000
73776,48.722700,9.380800
73779,48.712200,9.386100
74064,49.167636,9.238600
74065,49.164300,9.216200
74066,49.162400,9.215600
74067,49.132000,9.217000
74068,49.134600,9.213300
74071,50.923500,6.871400
74072,49.142300,9.223400
74074,49.128600,9.221400
74076,49.161800,9.219300
74078,49.156600,9.174600
74080,49.138600,9.195400
74081,49.123600,9.197000
74099,49.181500,9.155200
74166,49.171800,9.223100
74167,49.183000,9.236300
74168,49.181700,9.232700
74169,49.183100,9.217500
74170,49.194200,9.232600
74172,49.189100,9.225300
74177,49.234400,9.214500
74182,49.136100,9.377400
74189,49.151300,9.287600
74193,49.144900,9.055300
74196,49.235000,9.332200
74199,49.089400,9.275200
74206,49.229700,9.156500
74211,49.146400,9.116900
74214,49.352400,9.508800
74219,49.324900,9.358400
74223,49.103100,9.210800
74226,49.108600,9.127800
74229,49.240300,9.253300
74232,49.068200,9.290700
74235,49.172500,9.268300
74238,49.387900,9.635500
74239,49.258600,9.389400
74243,49.216900,9.404900
74245,49.095600,9.380000
74246,49.180300,9.321100
74248,49.146700,9.321900
74249,49.310600,9.468300
74251,49.131100,9.327200
74252,49.177800,9.043300
74254,49.245800,9.160600
74255,49.364700,9.340000
74257,49.211100,9.201900
74259,49.318300,9.422100
74319,48.953760,9.134740
74321,48.944100,9.117500
74336,49.077900,9.066000
74337,49.065100,9.064000
74343,48.958400,9.070800
74348,49.073400,9.145700
74354,48.998000,9.142700
74357,49.040200,9.093900
74360,49.055500,9.246000
74363,49.066400,9.001700
74366,49.045000,9.142200
74369,49.003600,9.106400
74372,48.966700,9.016700
74374,49.056100,8.926900
74376,49.028300,9.155600
74379,48.961100,9.176100
74382,49.046900,9.190000
74385,48.959200,9.203100
74388,49.083300,9.193100
74389,49.045000,9.036900
74391,49.022500,9.097200
74392,49.009700,9.059200
74394,48.994100,9.186300
74395,49.000800,9.207800
74397,49.064400,8.976400
74399,49.014200,9.151100
74405,49.000300,9.769500
74417,48.933300,9.744400
74420,49.014400,9.667200
74423,49.056700,9.899200
74424,49.041700,9.908600
74426,49.003300,9.920600
74427,48.986000,9.712000
74429,48.966700,9.850000
74509,49.109300,9.735000
74520,49.112900,9.746500
74523,49.111300,9.739100
74532,49.170200,9.918300
74535,49.076100,9.556400
74538,49.083300,9.700000
74541,49.084300,9.879100
74542,49.199200,9.790600
74544,49.070300,9.762500
74545,49.118000,9.643300
74547,49.152500,9.733800
74549,49.167500,9.844700
74564,49.134400,10.071900
74569,49.299600,9.960100
74571,49.299600,9.960100
74572,49.297800,9.973900
74575,49.345300,9.979400
74579,49.066700,10.216700
74582,49.251700,9.921900
74585,49.250000,10.016700
74586,49.083300,9.983300
74587,49.170700,10.080100
74588,49.170700,10.080100
74589,49.169500,10.079600
74592,49.200600,9.982300
74594,49.133300,10.183300
74595,49.254000,9.856700
74597,49.061400,10.092700
74599,49.210400,10.062200
74611,49.200360,9.502180
74613,49.198800,9.507200
74626,49.179400,9.438300
74629,49.178100,9.505000
74632,49.204900,9.580000
74635,49.227800,9.690000
74638,49.184700,9.639900
74639,49.256400,9.518100
74650,49.259300,9.682600
74651,49.286575,9.683500
74653,49.291050,9.668250
74670,49.288700,9.560300
74673,49.340300,9.800800
74676,49.295200,9.616000
74677,49.383500,9.707300
74679,49.297200,9.595300
74706,49.430000,9.422500
74722,49.520000,9.324000
74731,49.583600,9.366400
74736,49.611900,9.471900
74740,49.401500,9.392500
74743,49.442200,9.334200
74744,49.508300,9.526900
74746,49.602500,9.428600
74747,49.393900,9.532500
74749,49.455800,9.473100
74819,49.352418,9.144182
74821,49.353600,9.151100
74831,49.283300,9.160400
74832,49.278400,9.194400
74834,49.389700,9.210600
74838,49.461900,9.211100
74842,49.348600,9.253900
74847,49.351900,9.090800
74850,49.395600,9.272800
74855,49.300000,9.150000
74858,49.356900,8.986900
74861,49.291800,9.269800
74862,49.368300,9.058100
74864,49.431400,9.150600
74865,49.319200,9.132800
74867,49.386900,9.010600
74869,49.371100,8.983200
74887,49.252700,8.877450
74889,49.252900,8.878700
74903,49.212600,9.064400
74904,49.239067,9.104933
74906,49.238500,9.101800
74909,49.321700,8.819400
74912,49.205000,8.991700
74915,49.295100,8.917700
74918,49.233100,8.770500
74921,49.310000,9.000000
74924,49.296300,8.963800
74925,49.339200,8.907800
74927,49.319400,8.865300
74928,49.291900,9.081700
74930,49.190800,8.930800
74931,49.366400,8.891700
74933,49.316700,8.884700
74934,49.355000,8.945300
74936,49.269700,9.089700
74937,49.346400,8.883300
74939,49.296400,8.822500
75013,49.108983,8.662550
75015,49.036900,8.707500
75031,49.136400,8.912300
75038,49.065600,8.803100
75045,49.025700,8.586100
75050,49.156400,8.981900
75053,49.059200,8.658300
75056,49.104700,8.855800
75057,49.077500,8.845600
75059,49.106700,8.812800
75093,48.912300,8.716300
75158,48.890800,8.702800
75159,48.890800,8.692400
75162,48.892400,8.699000
75166,48.901200,8.669200
75169,48.876300,8.676100
75170,48.893100,8.683100
75172,48.891900,8.698500
75173,48.883300,8.700000
75175,48.891500,8.715600
75177,48.883300,8.700000
75179,48.900600,8.669700
75180,48.869600,8.670400
75181,48.885100,8.730700
75194,48.952700,8.571400
75196,48.951300,8.573200
75203,48.965900,8.605700
75210,48.900000,8.583300
75217,48.866700,8.633300
75223,48.916700,8.783300
75228,48.916700,8.666700
75233,48.824000,8.801300
75236,48.930000,8.644800
75239,48.950000,8.666700
75242,48.792600,8.776500
75245,48.966700,8.700000
75248,48.966700,8.750000
75249,48.933300,8.750000
75305,48.845200,8.595700
75323,48.750000,8.550000
75328,48.787100,8.645000
75331,48.833300,8.650000
75334,48.846600,8.543100
75335,48.800000,8.500000
75337,48.666400,8.470800
75339,48.800000,8.583300
75363,48.718600,8.737633
75365,48.714200,8.740300
75378,48.774300,8.729700
75382,48.723200,8.794300
75385,48.690500,8.692800
75387,48.660900,8.696100
75389,48.666700,8.600000
75391,48.695300,8.829100
75392,48.651300,8.824200
75394,48.733300,8.666700
75395,48.726300,8.848200
75397,48.751300,8.811400
75399,48.825000,8.708800
75415,48.952080,8.851260
75417,48.947500,8.836700
75428,48.956200,8.924600
75433,48.999600,8.803400
75438,49.024900,8.756100
75443,48.966700,8.800000
75446,48.883300,8.850000
75447,49.051400,8.850800
75449,48.866700,8.816700
76006,49.008000,8.420000
76070,49.031600,8.357900
76073,49.004500,8.438100
76088,49.005700,8.401700
76089,49.002700,8.386000
76097,49.004700,8.396200
76098,48.994500,8.398700
76107,49.005600,8.436900
76109,49.005700,8.401700
76110,49.005700,8.401700
76111,49.004500,8.404500
76112,48.998900,8.398000
76113,49.010700,8.405600
76114,48.981900,8.369500
76115,48.988100,8.373200
76117,49.008900,8.397400
76118,49.005700,8.401700
76119,49.010400,8.400000
76120,49.020600,8.468100
76121,48.997100,8.379200
76122,49.004600,8.379600
76123,49.002800,8.380900
76124,49.008600,8.403500
76125,49.006456,8.400762
76126,49.006121,8.400559
76127,49.003821,8.397871
76128,49.010337,8.411162
76131,49.007800,8.419900
76133,49.008300,8.397900
76135,48.990700,8.371900
76137,49.001900,8.428700
76139,49.004700,8.385800
76147,49.047700,8.391200
76149,49.040100,8.393600
76150,49.010700,8.385100
76180,49.005600,8.436900
76181,49.023800,8.348600
76182,49.017320,8.346800
76185,49.011100,8.360100
76187,49.022400,8.374200
76189,49.014800,8.352100
76199,48.966100,8.404300
76225,49.007125,8.459025
76227,49.000300,8.477600
76228,49.004700,8.385800
76229,49.004700,8.385800
76230,48.991100,8.468600
76240,49.013800,8.397900
76243,49.005700,8.401700
76245,49.005200,8.414300
76246,48.981900,8.369500
76247,49.008050,8.404125
76248,49.001200,8.359400
76249,49.001200,8.359400
76253,49.001200,8.359400
76273,48.947678,8.405778
76275,48.940900,8.407600
76287,48.968500,8.307000
76297,49.096700,8.489600
76307,48.916700,8.500000
76314,48.889300,8.312300
76316,48.883300,8.333300
76327,49.004400,8.520900
76332,48.797900,8.436200
76337,48.918300,8.492300
76344,49.090100,8.398800
76351,49.132000,8.412400
76356,49.054600,8.526800
76359,48.866700,8.450000
76432,48.863125,8.213712
76437,48.858500,8.209600
76448,48.933300,8.266700
76456,48.827900,8.254200
76461,48.866700,8.283300
76467,48.909200,8.252000
76470,48.890900,8.234400
76473,48.821700,8.143100
76474,48.950000,8.233300
76476,48.837700,8.284100
76477,48.933300,8.216700
76479,48.901000,8.196900
76517,48.795200,8.193700
76519,48.778100,8.216600
76520,48.766183,8.228450
76521,48.778100,8.215500
76522,48.749400,8.223400
76523,48.755100,8.238000
76524,48.788800,8.191400
76526,48.784725,8.207150
76527,48.778100,8.216600
76530,48.766300,8.203100
76532,48.803800,8.130800
76534,48.715000,8.144200
76547,48.766700,8.166700
76549,48.800000,8.116700
76568,48.805200,8.318750
76571,48.800000,8.333300
76593,48.770300,8.343100
76596,48.683300,8.350000
76597,48.772100,8.384600
76599,48.727600,8.353800
76642,49.122550,8.576400
76643,49.126157,8.591643
76646,49.124300,8.598000
76661,49.231700,8.460700
76669,49.206900,8.643600
76676,49.166900,8.492400
76684,49.219100,8.711900
76689,49.134700,8.530300
76694,49.158600,8.580800
76698,49.163000,8.631600
76703,49.139600,8.771500
76706,49.171700,8.424200
76707,49.190000,8.540600
76709,49.222500,8.631100
76725,49.221425,8.370800
76726,49.223100,8.363900
76742,49.049300,8.280500
76744,49.056950,8.168400
76751,49.092900,8.274700
76756,49.198300,8.279400
76761,49.153100,8.292900
76764,49.118100,8.278100
76767,49.017300,8.250200
76768,48.983300,8.200000
76770,49.111100,8.245300
76771,49.165800,8.326400
76773,49.145800,8.314400
76774,49.124200,8.345300
76776,48.983300,8.250000
76777,49.117800,8.319400
76779,48.981200,8.139900
76825,49.196390,8.117570
76826,49.208600,8.125400
76828,49.195000,8.130700
76829,49.192500,8.054900
76831,49.166614,8.058943
76833,49.229720,8.094820
76835,49.253329,8.093643
76846,49.192100,7.854900
76848,49.179267,7.887233
76855,49.206100,7.975300
76857,49.194508,7.965658
76863,49.146950,8.238250
76865,49.147400,8.137900
76870,49.082800,8.197200
76872,49.093783,8.132717
76877,49.195500,8.197800
76878,49.215000,8.174500
76879,49.217760,8.206020
76887,49.100133,7.984133
76889,49.093124,7.994571
76891,49.096113,7.825538
77633,48.465900,7.878800
77642,48.473100,7.977800
77644,48.482000,7.953500
77646,48.437700,7.932200
77647,48.481500,7.920700
77652,48.476500,7.943800
77654,48.465100,7.955900
77656,48.463900,7.931300
77663,48.482000,7.953500
77694,48.573000,7.815200
77704,48.532400,8.078600
77709,48.304950,8.216250
77716,48.274367,8.088333
77723,48.404800,8.014300
77728,48.473300,8.159700
77731,48.540700,7.893100
77736,48.346500,8.067000
77740,48.433300,8.216700
77743,48.450000,7.825000
77746,48.450000,7.883300
77749,48.416700,7.916700
77756,48.284300,8.176000
77761,48.289300,8.341700
77767,48.533300,7.983300
77770,48.493500,8.017400
77773,48.312000,8.372100
77776,48.400000,8.333300
77781,48.333300,8.033300
77784,48.373600,8.125400
77787,48.400000,8.083300
77790,48.300000,8.050000
77791,48.406000,7.986700
77793,48.248400,8.212900
77794,48.520700,8.115100
77796,48.250000,8.116700
77797,48.432200,7.993800
77799,48.451600,7.971800
77813,48.697100,8.129267
77815,48.696800,8.135200
77830,48.685700,8.188800
77833,48.670200,8.113200
77836,48.758300,8.050000
77839,48.726100,8.004900
77855,48.631200,8.076100
77866,48.666000,7.936600
77869,48.581200,8.004700
77871,48.588500,8.013200
77876,48.591800,8.116900
77880,48.639700,8.093700
77883,48.566700,8.150000
77886,48.650000,8.133300
77887,48.616700,8.133300
77889,48.576200,8.170500
77926,48.360300,7.812900
77929,48.350300,7.819400
77931,48.339960,7.866740
77933,48.337200,7.870400
77944,48.367000,7.883000
77948,48.366700,7.883300
77955,48.257000,7.812500
77960,48.310600,7.940700
77963,48.366700,7.762400
77966,48.283800,7.766000
77971,48.295600,7.825100
77972,48.286400,7.814100
77974,48.410300,7.772700
77975,48.247700,7.778200
77977,48.266700,7.733300
77978,48.266700,7.950000
78041,48.054300,8.464600
78044,48.066200,8.542000
78045,48.060629,8.465914
78046,48.063467,8.538200
78048,48.066700,8.450000
78050,48.066700,8.450000
78052,48.066700,8.450000
78054,48.066700,8.450000
78056,48.066700,8.450000
78060,48.070900,8.571400
78073,48.020900,8.530600
78078,48.133300,8.533300
78083,48.089900,8.550100
78086,48.016700,8.466700
78087,48.100400,8.422200
78089,48.079500,8.365700
78098,48.136300,8.236500
78112,48.127200,8.335100
78120,48.051600,8.207100
78126,48.138100,8.419700
78132,48.210700,8.232700
78136,48.142300,8.202900
78141,48.105500,8.203900
78144,48.190400,8.351800
78147,48.050000,8.300000
78148,48.050000,8.150000
78166,47.955100,8.497100
78176,47.840600,8.533300
78183,47.925400,8.488300
78187,47.925000,8.650000
78194,47.933300,8.733300
78199,47.929600,8.448100
78221,47.761533,8.838600
78224,47.759300,8.840300
78234,47.855300,8.773400
78239,47.734600,8.840100
78244,47.735100,8.776900
78247,47.766700,8.783300
78250,47.821300,8.661200
78253,47.858000,8.897800
78256,47.800000,8.933300
78259,47.811000,8.812200
78262,47.700000,8.750000
78266,47.700000,8.683300
78267,47.842400,8.853800
78269,47.816700,8.866700
78315,47.741900,8.971000
78333,47.851100,9.009100
78337,47.661900,8.886700
78343,47.683300,8.983300
78345,47.724400,8.934800
78351,47.818200,9.055400
78354,47.796800,9.097400
78355,47.885000,9.108200
78357,47.916700,9.016700
78359,47.842700,8.959100
78454,47.672100,9.158800
78455,47.672700,9.155500
78457,47.689500,9.188200
78458,49.981500,9.276100
78459,47.672671,9.159814
78461,47.671300,9.181000
78462,47.661300,9.175200
78464,47.672300,9.183400
78465,47.666700,9.183300
78467,47.674400,9.164900
78476,47.715400,9.071400
78479,47.688900,9.063500
78532,47.984600,8.817700
78549,48.074800,8.735100
78554,48.100000,8.700000
78559,48.134300,8.754300
78564,48.139300,8.820750
78567,48.019600,8.923200
78570,48.031200,8.883600
78573,48.000000,8.783300
78576,47.933300,8.883300
78579,47.972600,8.927600
78580,48.066700,8.933300
78582,48.066700,8.766700
78583,48.100000,8.800000
78585,48.116700,8.833300
78586,48.174100,8.785300
78588,48.111100,8.738200
78589,48.056200,8.793400
78591,48.039700,8.674900
78592,48.117200,8.856400
78594,48.050000,8.700000
78595,48.053700,8.724700
78597,48.066700,8.966700
78598,48.100000,8.866700
78600,48.052300,8.889600
78601,48.074800,8.835100
78603,48.083300,8.900000
78604,48.016700,8.766700
78606,48.016700,8.716700
78607,48.016700,8.666700
78609,48.033300,8.600000
78628,48.167800,8.627200
78647,48.076700,8.644100
78652,48.112300,8.607400
78655,48.212400,8.506200
78658,48.166600,8.594400
78661,48.204800,8.648600
78662,48.233300,8.550000
78664,48.250000,8.466700
78665,48.127100,8.707700
78667,48.200000,8.583300
78669,48.147400,8.703700
78711,48.229300,8.383600
78713,48.224000,8.385800
78727,48.300500,8.573800
78730,48.233300,8.350000
78733,48.267200,8.402300
78736,48.250000,8.600000
78737,48.291700,8.491700
78739,48.183300,8.416700
79071,47.991500,7.795000
79073,47.996300,7.836700
79077,47.998600,7.847400
79078,48.003000,7.831500
79079,48.004800,7.852400
79080,48.002800,7.853200
79081,48.000850,7.850512
79083,47.996500,7.851800
79084,48.001100,7.833100
79086,48.006100,7.852100
79088,48.033500,7.850400
79090,48.034600,7.858500
79091,47.989200,7.789900
79093,48.033500,7.850400
79094,47.999100,7.853000
79095,47.999726,7.842319
79098,47.994200,7.847000
79100,47.980900,7.832700
79102,48.000000,7.850000
79104,48.009800,7.854500
79106,48.000000,7.850000
79108,48.033900,7.841800
79110,48.020700,7.816700
79111,47.980900,7.795700
79112,48.000000,7.850000
79114,48.001800,7.818000
79115,47.979300,7.822000
79117,47.987400,7.894500
79138,48.003000,7.831500
79139,47.977300,7.828900
79140,48.039400,7.819300
79183,48.095900,7.963700
79188,47.921575,7.690825
79189,47.916700,7.700000
79194,48.046250,7.882850
79199,47.966700,7.950000
79206,48.032800,7.582900
79211,48.066700,7.883300
79215,48.186250,8.051600
79219,47.882300,7.728200
79224,48.033300,7.766700
79227,47.958500,7.757500
79232,48.068100,7.778800
79235,48.083300,7.633300
79238,47.915600,7.751900
79241,48.043000,7.647600
79244,47.850000,7.783300
79249,47.966700,7.833300
79252,47.983300,7.966700
79254,47.933300,7.950000
79256,47.961400,8.009100
79258,47.933300,7.633300
79261,48.116700,7.983300
79263,48.100400,8.052500
79268,48.076400,7.724800
79271,48.014700,8.032900
79274,48.008000,8.092800
79276,48.083300,7.816700
79279,48.066700,7.850000
79280,47.950000,7.833300
79282,47.858300,7.691700
79283,47.921400,7.789900
79285,47.957800,7.776500
79286,48.050800,7.963400
79288,48.050000,7.733300
79289,47.933300,7.866700
79291,48.016700,7.683300
79292,47.933300,7.750000
79294,47.933300,7.816700
79295,47.841200,7.707800
79297,48.144000,8.046900
79299,47.950000,7.816700
79310,48.129000,7.825000
79312,48.121000,7.853600
79330,48.105500,7.783400
79331,48.129500,7.812100
79336,48.218800,7.777500
79341,48.196300,7.769700
79346,48.133300,7.700000
79348,48.166700,7.916700
79350,48.102100,7.907600
79353,48.122800,7.738900
79356,48.083300,7.733300
79359,48.150000,7.750000
79361,48.133300,7.616700
79362,48.166700,7.700000
79364,48.157200,7.786100
79365,48.226600,7.710900
79367,48.199400,7.677100
79369,48.166700,7.650000
79379,47.808200,7.630300
79395,47.814300,7.560100
79400,47.713900,7.662400
79410,47.802200,7.672400
79415,47.731500,7.557600
79418,47.757000,7.576400
79423,47.874700,7.657200
79424,47.783300,7.600000
79426,47.847500,7.638000
79427,47.891000,7.655400
79429,47.733300,7.708300
79513,47.632400,7.659400
79533,47.614800,7.666700
79537,47.614233,7.662787
79539,47.618100,7.658900
79540,47.616700,7.666700
79541,47.633500,7.692200
79574,47.601430,7.604560
79576,47.593300,7.620800
79578,47.650000,7.733000
79585,47.650000,7.733300
79588,47.650000,7.566700
79589,47.633300,7.616700
79591,47.633300,7.600000
79592,47.650000,7.600000
79594,47.588500,7.690900
79595,47.641200,7.642000
79597,47.650000,7.633300
79599,47.655300,7.651100
79618,47.572300,7.784200
79639,47.550000,7.683300
79650,47.651100,7.820900
79662,47.619500,7.905000
79664,47.629800,7.904200
79669,47.705500,7.852500
79674,47.829400,7.943800
79677,47.785443,7.887871
79682,47.740100,8.001800
79683,47.773900,7.827200
79685,47.741700,7.908300
79686,47.653400,7.897200
79688,47.683300,7.850000
79689,47.646300,7.782100
79691,47.795600,7.827400
79692,47.736100,7.798150
79694,47.800000,7.916700
79695,47.841400,7.882000
79697,47.747900,7.767500
79699,47.688000,7.798000
79713,47.553700,7.946100
79725,47.565100,8.060400
79730,47.554900,8.021800
79733,47.642700,8.074800
79736,47.619000,7.978700
79737,47.666700,8.000000
79739,47.593100,7.878400
79749,47.620600,8.218300
79761,47.623200,8.217200
79771,47.650000,8.400000
79774,47.590800,8.129500
79777,47.716700,8.316700
79780,47.745800,8.448100
79787,47.627000,8.314400
79790,47.600000,8.320000
79793,47.660200,8.367500
79798,47.650000,8.566700
79801,47.570000,8.432500
79802,47.623300,8.485100
79804,47.609500,8.167100
79805,47.700000,8.400000
79807,47.633300,8.566700
79809,47.666700,8.233300
79821,47.911083,8.215550
79822,47.921000,8.190600
79837,47.748600,8.120167
79843,47.884100,8.343800
79848,47.818600,8.341400
79853,47.868300,8.202100
79856,47.902800,8.107000
79859,47.816700,8.183300
79862,47.733300,8.166700
79865,47.775000,8.257300
79868,47.865000,8.070400
79871,47.966700,8.266700
79872,47.800200,8.038300
79874,47.933300,8.083300
79875,47.729500,8.100000
79877,47.917800,8.256300
79879,47.833300,8.433300
80097,48.144975,11.558050
80200,48.090600,11.655600
80217,48.144400,11.549300
80218,48.145200,11.681900
80219,48.144900,11.485000
80221,48.143400,11.572100
80222,48.138400,11.550100
80240,48.115300,11.597400
80248,48.132500,11.620300
80249,48.141400,11.572800
80250,48.128200,11.608900
80251,48.143700,11.536300
80258,48.139700,11.527600
80259,48.146400,11.542700
80260,48.176900,11.532600
80263,48.160100,11.575500
80264,48.174500,11.528900
80266,48.140600,11.529500
80267,48.150300,11.551100
80268,48.146400,11.573700
80269,48.145100,11.543600
80270,48.152700,11.513800
80271,48.137800,11.557100
80272,48.140600,11.583700
80273,48.139700,11.573000
80275,48.143000,11.565300
80276,48.142600,11.566800
80277,48.144400,11.573000
80278,48.151500,11.598200
80279,48.132800,11.566600
80280,48.142900,11.552500
80281,48.145800,11.578600
80282,48.138600,11.555600
80283,48.134400,11.558100
80285,48.088300,11.642900
80287,48.172400,11.532300
80289,48.137100,11.635400
80290,48.148900,11.568000
80291,48.104600,11.645300
80292,48.144900,11.551900
80294,48.149000,11.521900
80295,48.137900,11.522300
80297,48.132500,11.583900
80298,48.126600,11.570600
80300,48.144100,11.554600
80301,48.145400,11.543000
80302,48.146300,11.545500
80303,48.146300,11.545500
80304,48.125500,11.559100
80306,48.131400,11.585600
80308,48.136700,11.568800
80309,48.139500,11.569100
80310,48.115300,11.597400
80311,48.149900,11.617500
80313,48.137800,11.575300
80314,48.115300,11.597400
80315,48.140500,11.570000
80316,48.140300,11.564500
80317,48.115300,11.597400
80318,48.134700,11.565100
80319,48.144900,11.485000
80320,48.145100,11.555200
80322,48.148900,11.523800
80323,48.136436,11.561393
80324,48.144900,11.485000
80325,48.158000,11.556500
80326,48.138673,11.569682
80327,48.141120,11.573980
80328,48.149867,11.573267
80329,48.158500,11.525600
80331,48.134500,11.571000
80333,48.145200,11.566800
80335,48.142700,11.555200
80336,48.134500,11.559000
80337,48.122400,11.544900
80339,48.138800,11.534100
80340,48.096500,11.515000
80466,48.123800,11.551700
80469,48.129900,11.573200
80524,48.143400,11.576700
80525,48.142200,11.590800
80530,48.138300,11.590600
80534,48.138500,11.586000
80535,48.144411,11.583678
80538,48.140100,11.588500
80539,48.150000,11.583300
80632,48.154956,11.534722
80634,48.149200,11.532800
80636,48.155800,11.540900
80637,48.172500,11.528400
80638,48.159500,11.493200
80639,48.152600,11.515400
80682,48.144900,11.485000
80684,48.134300,11.521000
80686,48.138000,11.507000
80687,48.141400,11.502000
80689,48.129100,11.489500
80700,48.140300,11.605700
80786,48.192500,11.607700
80787,48.187700,11.602200
80788,48.194155,11.590380
80789,48.174900,11.586100
80790,48.154400,11.588600
80791,48.167115,11.574700
80792,48.158900,11.560400
80794,48.154000,11.583700
80796,48.150000,11.583300
80797,48.161100,11.558600
80798,48.150000,11.583300
80799,48.150000,11.583300
80801,48.150000,11.583300
80802,48.166500,11.590300
80803,48.150000,11.583300
80804,48.173800,11.585800
80805,48.172500,11.596400
80807,48.182700,11.575900
80809,48.178700,11.561700
80920,48.181700,11.597400
80931,48.188700,11.627100
80933,48.222500,11.548000
80935,48.204300,11.558500
80937,48.197400,11.572100
80939,48.205400,11.623800
80991,48.178744,11.515000
80992,48.177600,11.516900
80993,48.182300,11.533100
80995,48.197600,11.518100
80997,48.183400,11.478400
80999,48.185300,11.464300
81236,48.143700,11.473500
81237,48.143500,11.474700
81238,48.146100,11.457100
81241,48.147500,11.463500
81243,48.146500,11.450600
81245,48.161600,11.414100
81247,48.166200,11.467300
81248,48.161600,11.414100
81249,48.150000,11.583300
81340,48.111400,11.550400
81350,48.133500,11.528300
81355,48.133500,11.528300
81356,48.133500,11.528300
81357,48.096500,11.532900
81358,48.096500,11.532900
81359,48.133500,11.528300
81360,48.133500,11.528300
81362,48.133500,11.528300
81363,48.133500,11.528300
81364,48.133500,11.528300
81365,48.133500,11.528300
81366,48.117562,11.531025
81367,48.122700,11.453000
81369,48.112500,11.530600
81371,48.116700,11.547800
81373,48.117100,11.539300
81375,48.118800,11.491700
81377,48.120400,11.500100
81379,48.098800,11.520400
81475,48.150000,11.583300
81476,48.084400,11.492300
81477,48.083400,11.503600
81479,48.091500,11.539200
81531,48.111400,11.550400
81533,48.104200,11.600400
81534,48.153200,11.620500
81535,48.113500,11.588100
81536,48.108367,11.582533
81537,48.137700,11.589800
81539,48.110200,11.589900
81541,48.115900,11.579500
81543,48.120300,11.573300
81545,48.082700,11.561900
81547,48.098200,11.582100
81549,48.108900,11.607400
81550,48.138300,11.590600
81627,48.136300,11.594300
81655,48.128200,11.608900
81658,48.132900,11.610800
81660,48.131000,11.612000
81662,48.120600,11.607100
81663,48.044400,11.623400
81664,48.126950,11.620219
81665,48.132300,11.613700
81667,48.128500,11.597500
81669,48.122600,11.603500
81671,48.122300,11.620500
81673,48.126500,11.631700
81675,48.135200,11.603900
81677,48.138100,11.614700
81679,48.151200,11.610300
81713,48.097000,11.645800
81716,48.365900,10.857800
81718,48.105000,11.639400
81723,48.138300,11.569200
81725,48.105100,11.642100
81726,48.080800,11.616100
81727,48.104600,11.645300
81728,48.103200,11.645400
81729,48.102900,11.648100
81731,48.105000,11.639400
81732,48.098300,11.645800
81733,48.103200,11.645400
81735,48.113400,11.646600
81737,48.109800,11.618300
81739,48.150000,11.583300
81823,48.134400,11.692600
81825,48.118000,11.661200
81827,48.114700,11.697200
81829,48.140400,11.680200
81911,48.187300,11.651800
81918,48.153200,11.616900
81919,48.149000,11.622100
81920,48.149000,11.622100
81921,48.148800,11.623300
81925,48.164200,11.621800
81927,48.161100,11.639400
81929,48.140800,11.636600
81987,48.148900,11.523800
81988,48.148900,11.523800
81989,48.148900,11.523800
81995,48.148900,11.523800
81999,48.148900,11.523800
82008,48.066000,11.615600
82024,48.048600,11.617000
82030,48.066900,11.548300
82031,48.039500,11.523200
82032,48.018200,11.588800
82038,48.030600,11.579800
82039,48.030450,11.585500
82041,48.024500,11.597400
82047,48.044175,11.510675
82049,48.061200,11.521500
82054,47.958600,11.567400
82057,47.950000,11.433300
82061,48.093200,11.465600
82064,48.004900,11.514100
82065,48.020300,11.486900
82067,47.988900,11.443400
82069,47.990300,11.455900
82110,48.133900,11.376500
82131,48.069200,11.377000
82140,48.200000,11.333300
82152,48.103350,11.412400
82166,48.118800,11.429400
82175,48.173600,11.366100
82178,48.150000,11.350000
82194,48.200000,11.366700
82205,48.107500,11.293600
82211,47.998900,11.176800
82216,48.216700,11.266700
82223,48.166700,11.316700
82229,48.035100,11.214000
82234,48.074500,11.248200
82237,48.072500,11.201700
82239,48.140300,11.301400
82254,48.165800,11.221600
82256,48.179000,11.254700
82266,48.076400,11.152300
82269,48.117400,11.032200
82272,48.155600,11.078500
82275,48.183300,11.283300
82276,48.183300,11.116700
82278,48.233300,11.066700
82279,48.083300,11.116700
82281,48.283300,11.166700
82282,48.283300,11.166700
82284,48.116700,11.166700
82285,48.222300,11.115500
82287,48.166700,11.133300
82288,48.116700,11.133300
82290,48.166700,11.166700
82291,48.208400,11.163300
82293,48.250000,11.100000
82294,48.238200,11.155700
82296,48.141300,11.204000
82297,48.216700,11.000000
82299,48.105300,11.083000
82317,47.998827,11.348291
82319,48.001900,11.344200
82322,48.013500,11.425000
82327,47.909400,11.280300
82335,47.967400,11.354500
82340,47.946000,11.293300
82343,47.966700,11.300000
82346,47.974600,11.182800
82347,47.866000,11.293900
82349,48.100000,11.400000
82360,47.839450,11.142960
82362,47.837600,11.148900
82363,47.834000,11.146100
82377,47.752900,11.377000
82380,47.804700,11.069900
82383,47.800000,11.000000
82386,47.775000,11.150000
82387,47.751300,11.308500
82389,47.755600,10.988800
82390,47.791700,11.200000
82392,47.733300,11.283300
82393,47.766700,11.316700
82395,47.733300,11.216700
82396,47.900000,11.183300
82398,47.811000,11.132400
82399,47.916700,11.100000
82401,47.733300,10.966700
82402,47.824700,11.302200
82404,47.724600,11.332900
82405,47.874100,11.024600
82407,47.874000,11.159200
82409,47.701500,10.937500
82418,47.689600,11.206700
82431,47.658600,11.368200
82432,47.616700,11.350000
82433,47.666700,11.050000
82435,47.683300,11.000000
82436,47.733300,11.183300
82438,47.600000,11.183300
82439,47.676000,11.301100
82441,47.633300,11.233300
82442,47.666400,11.024700
82444,47.658000,11.314900
82445,47.616700,11.150000
82447,47.716700,11.200000
82449,47.716700,11.150000
82467,47.492100,11.095800
82475,47.416600,10.979500
82481,47.442200,11.261900
82487,47.598100,11.066900
82488,47.566700,11.100000
82490,47.530400,11.111500
82491,47.476100,11.024100
82493,47.500000,11.283300
82494,47.505200,11.279200
82496,47.559800,11.139200
82497,47.616600,11.027200
82499,47.516700,11.283300
82515,47.912900,11.421700
82538,47.857700,11.480500
82541,47.900000,11.366700
82544,47.923200,11.505200
82547,47.853900,11.405900
82549,47.815500,11.480600
83018,47.855200,12.113900
83019,47.845000,12.083300
83022,47.855000,12.123200
83024,47.874800,12.111000
83026,47.839100,12.102600
83034,47.842000,12.077200
83043,47.863800,12.010500
83052,47.878600,11.911000
83059,47.849600,12.067000
83064,47.790500,12.110900
83071,47.853900,12.185600
83075,47.773300,12.009700
83080,47.648200,12.172400
83083,47.838700,12.207800
83088,47.614100,12.191000
83093,47.909000,12.297900
83098,47.740000,12.091700
83101,47.797100,12.170100
83104,47.935100,12.015200
83109,47.891000,12.081000
83112,47.803800,12.285100
83115,47.773700,12.140000
83119,48.000500,12.405300
83122,47.776500,12.191400
83123,47.991400,12.307900
83125,47.927000,12.379200
83126,47.725800,12.124200
83128,47.952000,12.275200
83129,47.953800,12.329100
83131,47.742300,12.156100
83132,47.977200,12.390000
83134,47.893200,12.202400
83135,47.929100,12.123900
83137,47.983300,12.250000
83139,47.931200,12.229600
83209,47.856000,12.346200
83224,47.782150,12.468450
83228,47.766000,12.324400
83229,47.776900,12.323000
83233,47.811700,12.375700
83236,47.816700,12.483300
83242,47.658700,12.528100
83246,47.733300,12.466700
83250,47.758600,12.462200
83253,47.880800,12.337100
83254,47.889500,12.400400
83256,47.866700,12.416700
83257,47.884500,12.418100
83259,47.721000,12.394800
83274,47.867200,12.622900
83276,47.870230,12.638870
83278,47.868200,12.643300
83301,47.962700,12.592300
83308,48.017500,12.534600
83313,47.822800,12.642800
83317,47.849200,12.819200
83324,47.766700,12.650000
83329,47.925400,12.725300
83334,47.763000,12.751500
83339,47.892600,12.540100
83342,48.078300,12.570100
83344,47.804000,12.583000
83346,47.803600,12.582800
83349,48.002000,12.637000
83352,48.002600,12.536700
83355,47.845300,12.543300
83358,47.966700,12.466700
83359,47.866700,12.700000
83361,48.034800,12.463300
83362,47.866700,12.700000
83364,47.844000,12.734200
83365,47.905600,12.596100
83367,47.912300,12.815100
83368,47.983300,12.566700
83370,47.966700,12.466700
83371,48.000000,12.550000
83373,47.959400,12.729300
83374,47.942700,12.630600
83376,47.942500,12.504900
83377,47.842600,12.606100
83379,47.916700,12.716700
83394,47.835300,12.978100
83395,47.840900,12.981100
83404,47.813100,12.940500
83410,47.935700,12.928600
83413,47.997700,12.826300
83416,47.875000,12.941700
83417,47.953000,12.834300
83435,47.729500,12.878200
83451,47.766700,12.916700
83454,47.801900,12.858100
83457,47.716700,12.900000
83458,47.683300,12.800000
83471,47.616450,12.994450
83483,47.631200,12.983000
83486,47.616700,12.900000
83487,47.696600,13.043400
83489,47.625400,12.974100
83508,48.057100,12.186300
83512,48.052500,12.223400
83527,48.168700,12.187950
83530,48.066700,12.366700
83533,48.056100,12.164700
83536,48.150000,12.283300
83539,48.085650,12.112950
83543,47.981900,12.128100
83544,48.107000,12.111900
83546,48.179200,12.304100
83547,48.083300,12.266700
83549,48.041100,12.242700
83550,47.997600,12.056400
83552,48.028400,12.310300
83553,48.031600,12.056000
83555,48.150000,12.283300
83556,47.994000,12.177300
83558,48.150500,12.093400
83559,48.153200,12.317300
83561,48.018100,12.145100
83562,48.116700,12.166700
83564,48.108100,12.210100
83565,48.016300,12.016300
83567,48.116700,12.333300
83569,47.946900,12.181300
83607,47.876600,11.701800
83620,47.907500,11.842700
83623,47.848700,11.595300
83624,47.909000,11.675500
83626,47.893100,11.779100
83627,47.832200,11.721700
83629,47.858400,11.799200
83646,47.747200,11.554450
83661,47.683300,11.566700
83666,47.772500,11.673100
83670,47.746700,11.459300
83671,47.706200,11.415200
83673,47.720100,11.412300
83674,47.750000,11.583300
83676,47.605700,11.433800
83677,47.766700,11.625000
83679,47.805400,11.644000
83684,47.712300,11.758200
83700,47.689700,11.770600
83703,47.751200,11.738100
83707,47.716700,11.716700
83708,47.640800,11.744900
83714,47.789000,11.833800
83727,47.736200,11.859400
83730,47.719500,11.950800
83734,47.746600,11.840700
83735,47.674400,12.014500
83737,47.833300,11.916700
83739,47.833300,11.916700
84018,48.543500,12.143600
84022,48.547100,12.136000
84023,48.545171,12.166114
84024,48.538500,12.157200
84026,48.539100,12.156567
84028,48.535900,12.152300
84030,48.568350,12.153800
84032,48.544600,12.130000
84034,48.535900,12.132500
84036,48.517950,12.156950
84048,48.641800,11.780900
84051,48.613300,12.218300
84056,48.702300,12.027200
84061,48.692600,12.204400
84066,48.766400,12.231000
84069,48.834200,12.139500
84072,48.558400,11.741400
84076,48.664700,11.965900
84079,48.522400,11.994500
84082,48.800000,12.316700
84085,48.823200,12.051300
84088,48.735200,12.192900
84089,48.692100,11.708300
84091,48.650700,11.848500
84092,48.704500,12.297500
84094,48.707600,11.809800
84095,48.591000,12.020600
84097,48.788600,12.072000
84098,48.657600,12.030700
84100,48.600000,12.316700
84101,48.616700,11.950000
84103,48.650000,12.333300
84104,48.600000,11.766700
84106,48.600000,11.883300
84107,48.600000,12.050000
84109,48.623000,12.339400
84130,48.642400,12.492800
84137,48.453000,12.356000
84140,48.437000,12.564200
84144,48.476100,12.258200
84149,48.366300,12.256000
84152,48.718900,12.440500
84155,48.383300,12.383300
84160,48.546300,12.531200
84162,48.553100,12.553700
84163,48.550000,12.566700
84164,48.676600,12.497400
84166,48.550000,12.266700
84168,48.526500,12.460600
84169,48.450000,12.166700
84171,48.416700,12.200000
84172,48.447800,12.035700
84174,48.500000,12.066700
84175,48.485900,12.396250
84177,48.637400,12.535600
84178,48.533300,12.366700
84180,48.616700,12.433300
84181,48.400000,12.216700
84183,48.616700,12.383300
84184,48.500000,12.100000
84186,48.448800,12.106900
84187,48.658700,12.369300
84189,48.350000,12.333300
84307,48.405100,12.757500
84323,48.391200,12.609500
84326,48.464100,12.690250
84329,48.353300,12.786000
84332,48.406000,12.822600
84333,48.533300,12.750000
84335,48.350000,12.733300
84337,48.483300,12.850000
84339,48.383300,12.666700
84347,48.432000,12.938100
84359,48.265500,13.023100
84364,48.444900,13.091000
84367,48.315367,12.907533
84371,48.394700,13.006300
84375,48.247500,12.984500
84378,48.492500,12.925000
84381,48.533300,12.950000
84384,48.329200,12.987000
84385,48.529000,13.054000
84387,48.254300,12.957900
84389,48.416700,12.900000
84405,48.270400,12.160600
84416,48.342150,12.136250
84419,48.266000,12.269400
84424,48.212000,12.056700
84427,48.216700,12.133300
84428,48.312300,12.273400
84431,48.246050,12.340900
84432,48.383300,12.133300
84434,48.400000,12.050000
84435,48.257400,12.049700
84437,48.200000,12.283300
84439,48.383300,12.083300
84453,48.250300,12.521500
84478,48.208500,12.398900
84489,48.169300,12.831400
84494,48.331800,12.501800
84503,48.225300,12.676600
84508,48.167500,12.732500
84513,48.271750,12.583950
84518,48.134500,12.581500
84524,48.241000,12.690000
84529,48.061600,12.767600
84533,48.240633,12.876000
84539,48.264400,12.419150
84543,48.266700,12.650000
84544,48.198500,12.350000
84546,48.400000,12.450000
84547,48.200000,12.766700
84549,48.116300,12.542700
84550,48.083300,12.600000
84552,48.338600,12.662300
84553,48.133300,12.683300
84555,48.166700,12.383300
84556,48.200000,12.700000
84558,48.095267,12.665100
84559,48.181900,12.430700
84561,48.183300,12.783300
84562,48.266700,12.466700
84564,48.300000,12.383300
84565,48.183300,12.516700
84567,48.283350,12.775000
84568,48.307100,12.598300
84570,48.216700,12.566700
84571,48.290700,12.726200
84573,48.333300,12.433300
84574,48.150000,12.450000
84576,48.227200,12.611400
84577,48.212200,12.599500
84579,48.166700,12.616700
85037,48.768600,11.430900
85046,48.754360,11.446500
85047,48.763000,11.425600
85049,48.766700,11.414700
85051,48.721200,11.409600
85053,48.751500,11.458800
85055,48.776000,11.445900
85057,48.775000,11.391400
85071,48.890000,11.186500
85072,48.888500,11.196800
85077,48.716600,11.493900
85080,48.807100,11.368000
85084,48.657700,11.466100
85088,48.769800,11.618500
85092,48.814000,11.504900
85095,48.928400,11.457000
85098,48.766700,11.533300
85101,48.810300,11.458700
85104,48.808200,11.690100
85107,48.670700,11.469800
85110,48.952600,11.397500
85111,48.840300,11.219100
85113,48.860800,11.367900
85114,48.806900,11.292100
85116,48.783300,11.233300
85117,48.816700,11.316700
85119,48.733300,11.583300
85120,48.822500,11.461700
85122,48.850000,11.316700
85123,48.683300,11.416700
85125,49.001600,11.383100
85126,48.766700,11.683300
85128,48.799500,11.225900
85129,48.829400,11.593300
85131,48.950000,11.200000
85132,48.900000,11.100000
85134,48.855800,11.455400
85135,48.996800,11.211500
85137,48.916700,11.300000
85139,48.822500,11.414300
85217,48.238000,11.350000
85219,48.261280,11.441360
85221,48.260000,11.434000
85229,48.360600,11.377900
85232,48.256700,11.364900
85235,48.302250,11.181150
85238,48.409700,11.470600
85241,48.289600,11.465300
85244,48.329700,11.446700
85247,48.303200,11.355700
85250,48.387700,11.256900
85253,48.331800,11.303400
85254,48.291100,11.263600
85256,48.366700,11.466700
85258,48.383300,11.416700
85259,48.299800,11.239100
85273,48.525800,11.508200
85276,48.515250,11.502500
85283,48.603800,11.625700
85290,48.684300,11.612300
85293,48.466700,11.516700
85296,48.616700,11.566700
85298,48.500000,11.466700
85301,48.503300,11.604500
85302,48.492800,11.361500
85304,48.483300,11.500000
85305,48.433300,11.416700
85307,48.474900,11.564600
85309,48.616700,11.466700
85322,48.399300,11.751700
85350,48.396571,11.739257
85354,48.393800,11.733100
85356,48.392400,11.756900
85359,48.355500,11.742400
85366,48.461933,11.957533
85368,48.483200,11.937250
85374,48.312300,11.649500
85375,48.315900,11.663200
85376,48.316700,11.666700
85385,48.325356,11.671122
85386,48.300000,11.616700
85391,48.433300,11.600000
85395,48.492350,11.734800
85399,48.327500,11.751400
85402,48.406100,11.612500
85405,48.536400,11.807300
85406,48.450000,11.766700
85408,48.550000,11.950000
85410,48.458400,11.828000
85411,48.424100,11.525200
85413,48.550000,11.866700
85414,48.466700,11.650000
85416,48.433300,11.850000
85417,48.409000,11.793800
85419,48.516700,11.900000
85435,48.306000,11.906900
85445,48.316700,11.850000
85447,48.366700,12.000000
85452,48.277100,11.844500
85456,48.406000,11.988600
85457,48.245300,11.902100
85459,48.384100,11.930100
85461,48.314700,11.986900
85462,48.359600,11.891100
85464,48.216200,11.824100
85465,48.425700,11.972200
85467,48.233300,11.850000
85469,48.258400,11.975300
85521,48.064900,11.663300
85540,48.108800,11.726500
85551,48.176600,11.755600
85560,48.077100,11.970600
85567,48.033600,11.937900
85570,48.203100,11.876200
85577,48.080300,11.638200
85579,48.077100,11.658100
85586,48.170000,11.818600
85591,48.105400,11.768200
85598,48.114800,11.795900
85599,48.142200,11.788000
85604,48.084300,11.824500
85608,48.145900,11.681500
85609,48.171100,11.716700
85614,48.071400,11.888800
85617,47.993000,12.006400
85622,48.148100,11.731000
85625,47.968750,11.883600
85630,48.079100,11.743600
85635,48.019300,11.719100
85639,48.075100,11.723000
85640,48.075800,11.715700
85643,48.086800,12.031400
85646,48.151700,11.853300
85649,48.006500,11.684000
85652,48.195600,11.800700
85653,47.970100,11.777500
85655,47.960200,11.836600
85656,48.215100,11.995100
85658,48.004100,11.795300
85659,48.183400,11.977200
85661,48.168700,11.912400
85662,48.047800,11.702200
85664,48.156100,11.994600
85665,48.032100,11.875100
85667,48.022000,11.813300
85669,48.199100,11.943700
85711,48.278150,11.580275
85716,48.280400,11.576800
85736,48.239267,11.665033
85737,48.233300,11.683300
85746,48.250100,11.628900
85747,48.253742,11.642108
85748,48.249000,11.651000
85757,48.216700,11.466700
85761,48.221200,11.589000
85762,48.235200,11.568600
85764,48.250000,11.566700
85769,48.187700,11.646200
85770,48.187700,11.646200
85773,48.189450,11.647150
85774,48.192500,11.642900
85777,48.353200,11.555200
85778,48.315500,11.554500
85821,48.332100,11.741000
86121,48.364800,10.890300
86130,48.363600,10.888300
86131,48.347200,10.884000
86132,48.372700,10.909100
86133,48.395700,10.919700
86134,48.368000,10.890100
86135,48.391258,10.666033
86136,48.362864,10.894064
86140,48.361100,10.899800
86141,48.373600,10.896400
86142,48.368800,10.892100
86143,48.368300,10.898100
86144,48.368500,10.884800
86145,48.372200,10.894300
86147,48.370878,10.899622
86150,48.367300,10.892100
86152,48.371800,10.892500
86153,48.366400,10.903400
86154,48.393200,10.881400
86156,48.381500,10.854800
86157,48.364300,10.876100
86159,48.350900,10.895000
86161,48.350500,10.913300
86163,48.355300,10.943100
86165,48.382200,10.933700
86167,48.387700,10.916100
86169,48.405000,10.906100
86177,48.326700,10.903000
86179,48.310900,10.900100
86197,48.350100,10.878800
86199,48.329100,10.857800
86216,48.349500,10.917200
86218,48.377100,10.886300
86219,48.381900,10.888000
86220,48.339400,10.884300
86221,48.395300,10.878500
86222,48.366000,10.891500
86223,48.387200,10.883300
86225,48.411600,10.865900
86226,48.362950,10.895350
86313,48.355125,10.977825
86316,48.356900,10.984600
86343,48.275100,10.891800
86356,48.392500,10.833300
86368,48.424300,10.872700
86379,48.245733,10.360033
86381,48.241800,10.363200
86391,48.366400,10.846400
86397,48.263800,10.819300
86399,48.270900,10.833900
86405,48.545900,10.851800
86415,48.265600,10.984600
86420,48.353200,10.782100
86424,48.348300,10.588900
86436,48.294000,10.963700
86438,48.303800,10.970900
86441,48.400100,10.599200
86444,48.466700,10.983300
86447,48.515350,10.940850
86450,48.465000,10.590600
86453,48.384800,11.046700
86456,48.450000,10.816700
86459,48.329000,10.732800
86462,48.483300,10.850000
86465,48.457400,10.698450
86469,48.290100,10.456100
86470,48.283300,10.469200
86473,48.292400,10.535000
86476,48.302800,10.361300
86477,48.424600,10.718300
86479,48.229000,10.539500
86480,48.194550,10.376700
86482,48.405600,10.777400
86483,48.242300,10.493700
86485,48.517800,10.811400
86486,48.440000,10.705300
86488,48.237800,10.299500
86489,48.255500,10.327000
86491,48.205500,10.315600
86492,48.183300,10.983300
86494,48.489700,10.673800
86495,48.333300,11.083300
86497,48.395100,10.682800
86498,48.183300,10.266700
86500,48.342000,10.694600
86502,48.533300,10.700000
86504,48.245900,10.985300
86505,48.309700,10.455000
86507,48.227850,10.863350
86508,48.483300,10.933300
86510,48.290100,11.043800
86511,48.216700,10.966700
86513,48.264300,10.445900
86514,48.316700,10.650000
86517,48.250000,10.800000
86519,48.266700,10.333300
86529,48.560700,11.260700
86551,48.457600,11.134100
86554,48.583800,11.087600
86556,48.491000,11.186900
86558,48.593500,11.382700
86559,48.356700,11.138500
86561,48.533300,11.300000
86562,48.633300,11.250000
86564,48.629000,11.309200
86565,48.500000,11.233300
86567,48.429600,11.354300
86568,48.483300,11.066700
86570,48.512900,11.114600
86571,48.606600,11.213800
86573,48.423000,11.068500
86574,48.516700,11.033300
86576,48.462900,11.248800
86577,48.400000,11.166700
86579,48.576800,11.335400
86606,48.715300,10.788700
86607,48.717189,10.778244
86609,48.718000,10.779300
86633,48.732200,11.187100
86637,48.563100,10.681500
86640,48.690400,10.913900
86641,48.690300,10.916100
86643,48.759400,11.045400
86646,48.605300,10.727700
86647,48.600000,10.716700
86650,48.874600,10.724500
86652,48.846900,10.859300
86653,48.817850,10.881450
86655,48.786700,10.689300
86657,48.716900,10.617700
86660,48.673200,10.683800
86663,48.683300,10.816700
86666,48.700400,11.016000
86668,48.681900,11.285000
86669,48.666700,11.216700
86672,48.565300,10.908600
86673,48.760600,11.257400
86674,48.583300,10.966700
86675,48.783300,10.833300
86676,48.633300,11.100000
86678,48.600000,10.800000
86679,48.600000,10.866700
86681,48.832100,10.765400
86682,48.700000,10.883300
86684,48.611200,10.948400
86685,48.825100,10.703300
86687,48.767500,10.796400
86688,48.741500,10.945000
86690,48.657000,10.805600
86692,48.622500,10.901700
86694,48.716700,10.933300
86695,48.603700,10.820550
86697,48.722000,11.111500
86698,48.666700,10.866700
86700,48.872500,10.800200
86701,48.686500,11.156200
86703,48.850000,10.950000
86704,48.816700,10.966700
86706,48.717100,11.321400
86707,48.569400,10.828600
86709,48.903500,10.781300
86720,48.851200,10.488700
86732,48.952700,10.604600
86733,48.850000,10.616700
86735,48.746200,10.467800
86736,49.007900,10.622400
86738,48.866700,10.566700
86739,48.808300,10.466100
86741,48.964200,10.554300
86742,48.972400,10.457500
86744,48.958400,10.624900
86745,48.784000,10.534900
86747,48.927500,10.498700
86748,48.925700,10.470800
86750,48.933300,10.650000
86751,48.776000,10.580400
86753,48.809200,10.590200
86754,48.916700,10.600000
86756,48.816700,10.516700
86757,48.887400,10.475900
86759,48.892300,10.613300
86807,48.037200,10.725500
86825,48.006700,10.596700
86830,48.179300,10.756800
86833,48.100000,10.650000
86836,48.162700,10.816325
86842,48.064000,10.641600
86845,48.227500,10.779500
86850,48.290500,10.655900
86853,48.145900,10.758900
86854,48.066700,10.683300
86856,48.160900,10.717500
86857,48.118400,10.811100
86859,48.066700,10.800000
86860,47.999300,10.725700
86862,48.092000,10.739800
86863,48.266700,10.600000
86865,48.136800,10.582000
86866,48.241700,10.640300
86868,48.176400,10.597500
86869,47.943600,10.742700
86871,48.066700,10.583300
86872,48.180300,10.640100
86874,48.102200,10.560700
86875,47.996800,10.777900
86877,48.226100,10.588400
86879,48.039500,10.674100
86894,48.066100,10.858900
86895,48.066100,10.858900
86896,48.049857,10.871729
86899,48.048200,10.882800
86911,47.950800,11.103100
86915,48.084700,10.860400
86916,48.091200,10.879100
86919,48.026100,11.086100
86920,47.916700,10.850000
86922,48.087000,11.023900
86923,48.022200,11.011000
86925,47.933300,10.816700
86926,48.070600,11.083500
86928,48.008500,10.971100
86929,48.074800,10.927400
86931,48.200700,10.928000
86932,48.024700,10.922100
86934,47.922800,10.928500
86935,47.904700,10.972900
86937,48.167700,10.895700
86938,48.053000,11.091400
86940,48.045600,10.927600
86941,48.095700,11.045200
86943,47.973000,10.957700
86944,47.983300,10.833300
86946,47.950000,10.916700
86947,48.117200,10.921600
86949,48.066700,11.033300
86956,47.812400,10.896600
86971,47.795500,10.929500
86972,47.823600,10.874700
86974,47.900000,10.933300
86975,47.737000,10.777100
86977,47.776900,10.817200
86978,47.850000,10.900000
86980,47.816700,10.783300
86981,47.883300,10.916700
86983,47.701600,10.794900
86984,47.683300,10.800000
86986,47.825000,10.836200
86987,47.833300,10.833300
86989,47.700000,10.866700
87428,47.732200,10.315900
87432,47.729150,10.316233
87435,47.718400,10.313200
87437,47.722900,10.328800
87439,47.717700,10.298900
87443,47.760300,10.322900
87448,47.673200,10.307000
87452,47.804100,10.214300
87459,47.582200,10.549600
87463,47.807900,10.289500
87466,47.633300,10.433300
87471,47.694400,10.344500
87474,47.695900,10.239300
87477,47.660300,10.349900
87480,47.641700,10.127300
87484,47.623400,10.502400
87487,47.747800,10.229900
87488,47.733300,10.383300
87490,47.800000,10.350000
87491,47.574100,10.447200
87493,47.783300,10.300000
87494,47.666700,10.550000
87496,47.833300,10.383300
87497,47.603000,10.409700
87499,47.766700,10.400000
87509,47.560000,10.213900
87527,47.509100,10.257950
87534,47.555700,10.022400
87538,47.461075,10.209550
87541,47.506200,10.372300
87544,47.542100,10.258500
87545,47.535500,10.284900
87547,47.600000,10.116700
87549,47.574300,10.291700
87561,47.407200,10.279400
87600,47.882400,10.621900
87616,47.751200,10.587650
87629,47.571400,10.701700
87634,47.835200,10.426850
87637,47.631850,10.603600
87640,47.830600,10.640200
87642,47.631600,10.820200
87645,47.560400,10.772100
87647,47.775400,10.487700
87648,47.816700,10.533300
87650,47.944400,10.540100
87651,47.829700,10.726200
87653,47.916700,10.516700
87654,47.874800,10.534600
87656,47.923200,10.672100
87657,47.706700,10.510100
87659,47.616700,10.633300
87660,47.908200,10.571800
87662,47.891650,10.750000
87663,47.700000,10.600000
87665,47.893600,10.671300
87666,47.930000,10.613600
87668,47.950000,10.650000
87669,47.616700,10.716700
87671,47.895800,10.415700
87672,47.650000,10.716700
87674,47.816700,10.583300
87675,47.756300,10.719400
87677,47.883300,10.716700
87679,47.933300,10.716700
87697,48.003500,10.176500
87700,47.983700,10.185300
87719,48.045800,10.492200
87724,47.941300,10.299700
87727,48.145000,10.253300
87730,47.877100,10.222100
87733,47.947300,10.396100
87734,47.966700,10.216700
87736,47.883300,10.300000
87737,48.075200,10.195200
87739,48.133300,10.400000
87740,48.000000,10.133300
87742,48.009300,10.501550
87743,48.087100,10.284900
87745,48.166700,10.516700
87746,48.037300,10.335700
87748,48.072800,10.152200
87749,47.966700,10.266700
87751,48.033300,10.150000
87752,48.025000,10.259000
87754,48.050000,10.416700
87755,48.150400,10.310200
87757,48.187000,10.466100
87758,47.904300,10.157200
87760,47.945900,10.239400
87761,48.059300,10.290100
87763,47.898200,10.117800
87764,47.856300,10.129800
87766,47.988000,10.222900
87767,48.057600,10.183200
87769,48.088900,10.426100
87770,48.108500,10.298500
87772,48.118800,10.455000
87773,48.100000,10.150000
87775,48.130700,10.478900
87776,48.007000,10.354600
87778,48.023800,10.444700
87779,48.000000,10.216700
87781,48.005700,10.266700
87782,47.966700,10.466700
87784,48.016700,10.300000
87785,48.121200,10.225800
87787,47.893500,10.267200
87789,47.916700,10.200000
88038,47.660700,9.491800
88039,47.670223,9.392396
88040,47.657500,9.472000
88041,47.659670,9.471870
88045,47.654400,9.472600
88046,47.657800,9.485200
88048,47.672700,9.429900
88069,47.668600,9.591300
88074,47.700000,9.566700
88079,47.597600,9.597100
88085,47.598600,9.541600
88086,47.665000,9.359000
88090,47.665300,9.359000
88094,47.724100,9.469800
88097,47.624800,9.542000
88099,47.657400,9.703300
88129,47.551779,9.703357
88131,47.558400,9.687600
88138,47.593767,9.758633
88142,47.566700,9.633300
88145,47.641650,9.833300
88147,47.633300,9.716700
88149,47.573900,9.610400
88161,47.602800,9.885500
88167,47.627700,10.005740
88171,47.582600,9.913500
88175,47.581400,9.848300
88178,47.629600,9.903000
88179,47.563000,9.944500
88209,47.787000,9.616640
88212,47.781500,9.618300
88213,47.771500,9.557500
88214,47.781400,9.611800
88225,47.820400,9.637000
88226,47.781400,9.605300
88237,47.689375,9.829700
88239,47.689500,9.832500
88248,47.798567,9.629233
88250,47.810100,9.638600
88255,47.839300,9.659150
88260,47.666700,9.933300
88263,47.800000,9.500000
88267,47.766700,9.766700
88271,47.866100,9.426200
88273,47.866700,9.583300
88276,47.816700,9.600000
88279,47.700000,9.750000
88281,47.770000,9.673500
88284,47.894700,9.612000
88285,47.710100,9.688400
88287,47.744200,9.655900
88289,47.757100,9.713400
88297,48.186550,10.378475
88299,47.826700,10.020500
88315,47.698450,10.036450
88316,47.692600,10.038600
88317,47.893000,10.078400
88319,47.933300,10.083300
88326,47.950800,9.637400
88336,47.930700,9.759000
88339,47.920300,9.754900
88348,48.020400,9.548550
88353,47.788900,9.883800
88356,47.950000,9.383300
88361,47.947633,9.516567
88364,47.820300,9.794900
88367,48.029500,9.377400
88368,47.850000,9.750000
88370,47.900000,9.516700
88371,47.966700,9.583300
88373,47.883300,9.483300
88374,47.950000,9.450000
88376,47.933300,9.416700
88377,47.909300,9.428500
88379,47.900000,9.458350
88396,48.097782,9.793436
88397,48.110500,9.798200
88400,48.097100,9.801650
88410,47.908000,9.896900
88416,48.050767,9.964233
88422,48.083800,9.607233
88427,48.011650,9.670400
88430,48.013000,10.030300
88433,48.170200,9.794300
88436,47.999300,9.872033
88437,48.133300,9.883300
88441,48.083300,9.750000
88444,48.066700,9.833300
88447,48.128600,9.797500
88448,48.133300,9.700000
88450,48.042600,10.082300
88451,48.100000,10.116700
88453,48.090000,10.073000
88454,48.025600,9.787800
88456,48.025500,9.742000
88457,48.083300,10.133300
88459,48.000000,10.083300
88471,48.227900,9.878700
88477,48.174200,9.975400
88480,48.258900,9.897500
88481,48.183300,10.083300
88483,48.233300,9.933300
88484,48.116700,9.983300
88486,48.133300,10.083300
88487,48.183300,9.900000
88489,48.189000,10.020900
88498,48.146900,9.483800
88499,48.177900,9.480267
88512,48.049500,9.330100
88515,48.148500,9.377600
88518,48.066700,9.433300
88521,48.100000,9.466700
88524,48.150000,9.616700
88525,48.116700,9.533300
88527,48.167300,9.522200
88529,48.234000,9.462300
88605,47.969150,9.111550
88629,47.921600,9.254150
88630,47.926100,9.257800
88631,48.050000,8.966700
88633,47.820900,9.312800
88634,47.850000,9.200000
88636,47.862300,9.372400
88637,48.026500,8.999550
88639,47.933300,9.166700
88660,47.763000,9.168600
88662,47.769800,9.171400
88677,47.719200,9.390300
88682,47.762600,9.290300
88690,47.733300,9.250000
88693,47.800000,9.400000
88696,47.809700,9.171700
88697,47.733300,9.350000
88699,47.814400,9.273500
88709,47.680450,9.293900
88718,47.712600,9.267800
88719,47.690100,9.298600
89040,48.417000,9.964000
89065,48.401600,10.003000
89068,48.428100,9.985100
89069,48.423600,9.954000
89070,48.388964,9.972711
89073,48.401500,9.992700
89075,48.417100,9.963500
89077,48.398100,9.970000
89079,48.356800,9.960100
89081,48.442500,9.985650
89090,48.384700,10.037700
89129,48.522975,10.123875
89134,48.418100,9.910600
89143,48.420283,9.784283
89150,48.479950,9.692625
89155,48.328400,9.887500
89160,48.491000,9.898250
89165,48.210700,10.071600
89168,48.541300,10.235100
89171,48.316700,10.016700
89173,48.543400,9.920000
89174,48.583300,10.033300
89176,48.529600,10.191700
89177,48.546550,10.070050
89179,48.483300,9.983300
89180,48.468100,9.778633
89182,48.499600,10.025800
89183,48.524250,9.993750
89185,48.279700,9.942500
89186,48.270200,10.051500
89188,48.521400,9.734250
89189,48.546800,10.019700
89191,48.537567,9.809567
89192,48.518100,10.172000
89194,48.272800,9.992900
89195,48.300000,9.991400
89197,48.552500,9.996100
89198,48.519200,9.954900
89229,48.399840,10.015400
89231,48.400000,10.016700
89233,48.400000,10.016700
89250,48.324400,10.044400
89257,48.223400,10.103500
89264,48.305000,10.160500
89269,48.278400,10.082400
89275,48.450000,10.100000
89278,48.428300,10.123600
89281,48.160300,10.114400
89284,48.354500,10.161800
89287,48.257300,10.090900
89290,48.224800,10.180500
89291,48.383300,10.100000
89293,48.121600,10.128100
89294,48.175800,10.189100
89296,48.150000,10.166700
89297,48.275900,10.231400
89299,48.195600,10.171100
89312,48.456000,10.277000
89331,48.431600,10.409900
89335,48.371200,10.307100
89340,48.450000,10.222800
89343,48.389600,10.438100
89344,48.506500,10.457800
89346,48.400000,10.200000
89347,48.433300,10.250000
89349,48.340500,10.452800
89350,48.466700,10.428600
89352,48.339700,10.318900
89353,48.500000,10.483300
89355,48.500000,10.400000
89356,48.437600,10.448200
89358,48.383300,10.366700
89359,48.416700,10.283300
89361,48.434400,10.524200
89362,48.482600,10.362500
89364,48.458800,10.352400
89365,48.424400,10.442700
89367,48.348100,10.293800
89368,48.466700,10.483300
89407,48.581500,10.495300
89415,48.565400,10.429700
89420,48.611200,10.568200
89423,48.551000,10.368900
89426,48.631250,10.424450
89428,48.661200,10.310000
89429,48.632200,10.320500
89431,48.546300,10.312800
89432,48.558000,10.642500
89434,48.631400,10.619900
89435,48.654500,10.498600
89437,48.599800,10.374000
89438,48.514200,10.530600
89440,48.650000,10.550000
89441,48.570300,10.316100
89443,48.650000,10.650000
89444,48.508900,10.614700
89446,48.652400,10.398800
89447,48.673600,10.325200
89449,48.531000,10.635600
89516,48.683425,10.158900
89517,48.674300,10.155000
89518,48.678500,10.141300
89520,48.687300,10.160100
89522,48.683300,10.150000
89537,48.588700,10.205800
89542,48.621700,10.176000
89547,48.622500,10.019800
89551,48.743200,10.111900
89555,48.690900,10.063800
89558,48.683300,9.933300
89561,48.700000,10.366700
89564,48.699600,10.242100
89567,48.552400,10.291000
89568,48.595400,10.260700
89582,48.282200,9.719800
89584,48.271300,9.633900
89597,48.216833,9.637533
89601,48.375800,9.732700
89604,48.330500,9.724200
89605,48.328000,9.770400
89607,48.211900,9.656500
89608,48.266700,9.783300
89610,48.300000,9.833300
89611,48.236800,9.559150
89613,48.176350,9.679550
89614,48.286400,9.802600
89616,48.234800,9.689600
89617,48.239200,9.609800
89619,48.203100,9.688400
90051,49.445600,11.078900
90290,49.389400,11.175600
90291,49.389400,11.175600
90292,49.389400,11.175600
90293,49.389400,11.175600
90300,49.445500,11.076900
90310,49.428800,11.131800
90311,49.427800,11.020500
90312,49.447800,11.086900
90313,49.464200,11.118600
90316,49.454100,11.062500
90317,48.144900,11.485000
90318,49.448300,11.091800
90319,49.438000,11.069800
90321,49.457971,11.086485
90324,49.454200,11.088600
90325,49.451100,11.079700
90327,49.444463,11.079904
90328,49.445850,11.088633
90329,49.412571,11.077714
90330,49.446800,11.071100
90331,49.452550,11.074250
90332,49.472744,11.100000
90334,49.454600,11.118700
90335,49.428350,11.045300
90336,49.451800,11.058900
90337,49.454600,11.118700
90338,49.448200,11.063000
90339,49.445900,11.071000
90340,49.462650,11.066000
90341,49.458900,11.088500
90344,49.458700,11.011900
90345,49.427600,11.021900
90346,49.454600,11.118700
90347,49.448700,11.063500
90351,49.454200,11.088600
90352,49.423500,11.140300
90353,49.422900,11.134900
90356,49.469100,11.084800
90357,49.458900,11.088500
90359,49.454200,11.088600
90360,49.449600,11.060700
90402,49.450400,11.077800
90403,49.454100,11.076800
90408,49.467800,11.069300
90409,49.447800,11.068300
90411,49.489700,11.106400
90419,49.463900,11.067100
90425,49.473200,11.056700
90427,49.517800,11.005800
90429,49.459900,11.027500
90431,49.445300,11.022200
90439,49.435800,11.038400
90441,49.432400,11.049700
90443,49.446000,11.078200
90449,49.417700,11.029700
90451,49.407200,11.035200
90453,49.383400,11.041600
90455,49.447800,11.068300
90457,49.398400,11.174000
90459,49.440300,11.080900
90461,49.436100,11.092500
90469,49.409200,11.092000
90471,49.417000,11.125100
90473,49.404400,11.134100
90475,49.407500,11.164900
90478,49.443000,11.094800
90480,49.437100,11.119400
90482,49.464000,11.149100
90489,49.458600,11.097400
90491,49.474100,11.129600
90499,49.422900,11.134900
90511,49.438200,10.948850
90513,49.442400,10.954100
90518,49.385600,11.357300
90522,49.422800,10.957700
90530,49.352300,11.150700
90537,49.376000,11.214300
90542,49.583300,11.250000
90546,49.414450,11.014250
90547,49.406000,10.999100
90552,49.483000,11.241200
90556,49.472850,10.866650
90559,49.352000,11.311500
90562,49.545200,11.144500
90571,49.469500,11.200600
90574,49.395700,10.888500
90579,49.494600,10.792300
90584,49.251300,11.236600
90587,49.523833,10.885533
90592,49.357800,11.243300
90596,49.324900,11.122700
90599,49.400000,10.689800
90602,49.296200,11.286600
90607,49.497600,11.247500
90610,49.389600,11.298900
90613,49.400000,10.783300
90614,49.423300,10.850100
90616,49.456900,10.645500
90617,49.524000,10.831900
90619,49.458100,10.593600
90725,49.468700,11.002700
90742,49.464900,10.995800
90744,49.473575,10.674800
90752,49.458400,11.040500
90754,49.469900,11.018100
90762,49.470600,10.997100
90763,49.506900,10.956500
90765,49.483000,11.004000
90766,49.486500,10.960800
90768,49.495400,10.944400
91048,49.593800,11.006700
91050,49.583675,10.999863
91051,49.579627,11.001665
91052,49.588800,11.009800
91054,49.596000,11.029550
91056,49.598600,10.967500
91058,49.550000,11.003600
91060,49.590900,11.012100
91072,49.572440,10.890800
91074,49.568000,10.885600
91077,49.609700,11.134575
91080,49.607700,11.063767
91083,49.658100,11.035900
91085,49.622800,10.825300
91086,49.583300,10.833300
91088,49.627400,11.017200
91090,49.659300,11.093200
91091,49.632500,10.874800
91093,49.627300,10.910000
91094,49.640500,11.071000
91096,49.633300,11.000000
91097,49.589500,10.768900
91099,49.663400,11.070800
91124,49.326212,11.031687
91125,49.324200,11.044400
91126,49.308200,11.025433
91152,49.241175,11.083750
91154,49.259700,11.145700
91161,49.190500,11.190600
91166,49.189700,11.016700
91171,49.047000,11.357000
91174,49.175500,10.924500
91177,49.088300,11.221500
91180,49.133700,11.127300
91183,49.242800,10.964000
91186,49.267800,11.058900
91187,49.150000,11.033300
91189,49.341100,10.889800
91205,49.507663,11.283250
91207,49.513900,11.282500
91217,49.510800,11.431500
91220,49.559600,11.343300
91224,49.504400,11.511000
91227,49.451700,11.310000
91230,49.493700,11.471200
91233,49.524600,11.319600
91235,49.606950,11.513400
91236,49.433300,11.550000
91238,49.460750,11.406300
91239,49.498500,11.390600
91241,49.556000,11.422300
91242,49.509500,11.341600
91244,49.513800,11.372700
91245,49.597700,11.339000
91247,49.557200,11.494200
91249,49.497700,11.568700
91257,49.752200,11.541900
91275,49.693800,11.621000
91278,49.771300,11.407800
91281,49.748700,11.725400
91282,49.681700,11.417700
91284,49.628000,11.550700
91286,49.700000,11.350000
91287,49.652400,11.469300
91289,49.812200,11.582700
91299,49.718977,11.063662
91301,49.717500,11.058800
91315,49.706200,10.813300
91320,49.781500,11.181700
91322,49.644300,11.249700
91325,49.712200,10.895000
91327,49.769000,11.338400
91330,49.769600,11.057000
91332,49.863000,11.171900
91334,49.683300,10.933300
91336,49.693400,10.998800
91338,49.623200,11.231400
91341,49.664300,10.926100
91344,49.846500,11.348100
91346,49.800000,11.266700
91347,49.883700,11.226900
91349,49.701800,11.257500
91350,49.695100,10.832200
91352,49.759100,10.979500
91353,49.689500,11.032200
91355,49.660700,11.322700
91356,49.733300,11.150000
91358,49.682400,11.143300
91359,49.709500,11.172200
91361,49.689700,11.102100
91362,49.754500,11.174300
91364,49.823000,11.189100
91365,49.750000,11.116700
91367,49.630900,11.253700
91369,49.713300,11.135600
91413,49.579500,10.611300
91438,49.502700,10.415400
91443,49.669300,10.465500
91448,49.552800,10.712800
91452,49.483100,10.715600
91456,49.600000,10.633300
91459,49.493700,10.652700
91460,49.625100,10.536000
91462,49.640500,10.706500
91463,49.556300,10.540700
91465,49.516700,10.333300
91466,49.631200,10.691300
91468,49.616700,10.633300
91469,49.533300,10.766700
91471,49.480200,10.381700
91472,49.527500,10.481800
91474,49.616700,10.516700
91475,49.698800,10.767100
91477,49.647900,10.424900
91478,49.590900,10.355600
91480,49.701100,10.555600
91481,49.639400,10.595000
91483,49.708300,10.434200
91484,49.602800,10.435600
91486,49.670800,10.720200
91487,49.687600,10.651600
91489,49.564200,10.737200
91511,49.301437,10.575806
91520,49.301000,10.565200
91522,49.304800,10.593100
91541,49.378900,10.187100
91550,49.069400,10.319900
91555,49.162900,10.338500
91560,49.335700,10.787400
91564,49.283300,10.783300
91567,49.237800,10.503500
91572,49.163100,10.555700
91575,49.247900,10.826500
91578,49.298700,10.411900
91580,49.300000,10.750000
91583,49.298450,10.227350
91586,49.277500,10.686700
91587,49.433300,10.166700
91589,49.250000,10.416700
91590,49.359900,10.699200
91592,49.330200,10.334800
91593,49.451000,10.323900
91595,49.233300,10.583300
91596,49.133200,10.478900
91598,49.354800,10.411600
91599,49.147700,10.423100
91601,49.253500,10.285400
91602,49.107800,10.385000
91604,49.440700,10.522400
91605,49.450000,10.266700
91607,49.350000,10.200000
91608,49.366400,10.315300
91610,49.300000,10.166700
91611,49.345700,10.511000
91613,49.441600,10.363600
91614,49.018500,10.358600
91616,49.371900,10.225600
91617,49.416700,10.433300
91619,49.451900,10.466700
91620,49.470600,10.210100
91622,49.400000,10.583300
91623,49.290000,10.659700
91625,49.170500,10.232100
91626,49.119200,10.307700
91628,49.416700,10.216700
91629,49.350000,10.616700
91631,49.257900,10.156900
91632,49.166700,10.483300
91634,49.024300,10.395000
91635,49.400000,10.300000
91637,49.258100,10.241800
91639,49.226700,10.727700
91709,49.114100,10.765900
91710,49.116600,10.759700
91717,49.043300,10.599100
91719,49.017200,10.743500
91720,49.144400,10.881000
91722,49.144300,10.617200
91723,49.055400,10.792000
91725,49.086800,10.540700
91726,49.053400,10.511500
91728,49.059800,10.712700
91729,49.176000,10.771200
91731,49.101100,10.453600
91732,49.203600,10.704200
91734,49.211900,10.797800
91735,49.154500,10.718400
91737,49.176200,10.658000
91738,49.105900,10.836600
91740,49.055400,10.559500
91741,49.082200,10.852800
91743,49.079800,10.621800
91744,49.038800,10.450500
91746,49.198200,10.644900
91747,49.000000,10.666700
91749,49.061200,10.481200
91757,48.954700,10.908300
91780,49.032543,10.972543
91781,49.030900,10.972200
91785,49.104700,10.981900
91788,48.933800,10.974300
91790,49.042125,11.116775
91792,49.060800,10.967800
91793,49.046500,10.865000
91795,48.868300,11.073400
91796,49.077500,11.055400
91798,49.062600,11.005300
91799,48.893200,10.931100
91801,49.009600,10.844700
91802,49.033300,10.816700
91804,48.870100,11.007600
91805,48.920700,10.711500
91807,48.895800,10.995600
91809,48.819700,11.088800
92219,49.444400,11.854600
92224,49.442900,11.862700
92226,49.394800,11.978100
92227,49.311800,12.105800
92237,49.501300,11.746000
92240,49.540300,11.943700
92241,49.540300,11.943700
92242,49.544000,11.946200
92245,49.419200,11.888300
92249,49.614800,11.802600
92253,49.546900,12.001800
92256,49.533900,11.803000
92259,49.529700,11.625900
92260,49.441200,11.761800
92262,49.416700,11.633300
92263,49.393800,11.935800
92265,49.576400,11.695900
92266,49.340600,11.935900
92268,49.527600,11.586000
92269,49.400000,12.050000
92271,49.621300,11.908200
92272,49.483300,11.983300
92274,49.537600,11.872000
92275,49.550000,11.533300
92277,49.295100,11.799100
92278,49.450000,11.683300
92280,49.369600,11.682600
92281,49.608500,11.631400
92283,49.368400,11.602900
92284,49.475600,11.797800
92286,49.323600,11.942100
92287,49.269000,11.924300
92289,49.402000,11.755000
92318,49.280300,11.462800
92331,49.157900,11.737350
92334,49.106900,11.441400
92339,49.034100,11.473900
92342,49.200100,11.330300
92345,49.037500,11.583900
92348,49.331700,11.440300
92353,49.305300,11.357200
92355,49.251500,11.634500
92358,49.157100,11.632900
92360,49.169500,11.446600
92361,49.250000,11.400000
92363,49.083700,11.619800
92364,49.225600,11.539700
92366,49.204000,11.848400
92367,49.321400,11.503100
92369,49.233300,11.466700
92400,48.090300,11.644400
92419,49.325567,12.111300
92421,49.323600,12.099300
92422,49.327700,12.109700
92431,49.347800,12.386200
92436,49.249300,12.307100
92439,49.270800,12.301500
92442,49.316700,12.183300
92444,49.343200,12.529600
92445,49.291000,12.436400
92447,49.377500,12.344900
92449,49.283300,12.183300
92507,49.453500,12.180000
92519,49.404600,12.092100
92521,49.387700,12.134800
92526,49.458100,12.416700
92530,49.532400,12.135800
92533,49.539300,12.161300
92536,49.498371,12.206371
92539,49.510300,12.547600
92540,49.405500,12.281500
92542,49.416700,12.416700
92543,49.450000,12.283300
92545,49.450000,12.376100
92546,49.423400,12.092500
92548,49.410500,12.227400
92549,49.506600,12.612400
92551,49.416700,12.133300
92552,49.483300,12.383300
92554,49.383300,12.466700
92555,49.521100,12.262500
92557,49.483300,12.566700
92559,49.426900,12.479900
92620,49.671800,12.163200
92624,49.680600,12.073700
92626,49.680600,12.073700
92627,49.680600,12.073700
92628,49.680600,12.073700
92630,49.676800,12.157000
92631,49.680600,12.073700
92632,49.680600,12.073700
92633,49.672550,12.159975
92637,49.683550,12.191750
92648,49.623800,12.338100
92655,49.698900,11.867500
92660,49.732900,12.177700
92665,49.749600,12.129900
92670,49.801100,12.157100
92676,49.772700,11.826300
92681,49.839800,12.045900
92685,49.724000,12.275900
92690,49.768600,11.939700
92693,49.583500,12.521600
92694,49.633300,12.100000
92696,49.733300,12.350000
92697,49.703000,12.420800
92699,49.633900,12.217500
92700,49.650000,11.950000
92702,49.591200,12.019500
92703,49.833300,12.100000
92705,49.597400,12.258400
92706,49.583700,12.149200
92708,49.654100,12.040700
92709,49.589100,12.410400
92711,49.729200,12.067500
92712,49.633300,12.166700
92714,49.649100,12.406300
92715,49.750000,12.233300
92717,49.843800,12.121400
92718,49.650000,12.166700
92720,49.724600,11.997600
92721,49.732300,12.205500
92723,49.514550,12.321400
92724,49.800000,11.900000
92726,49.642200,12.495200
92727,49.672200,12.329200
92729,49.633300,12.066700
93012,49.004600,12.098400
93013,49.004600,12.098400
93037,49.012400,12.107000
93038,49.013000,12.093700
93039,49.016400,12.092000
93040,48.999400,12.093700
93041,49.011789,12.096256
93042,49.006014,12.090800
93043,49.015286,12.094643
93045,49.027900,12.127600
93047,49.016800,12.095400
93049,49.015300,12.057700
93051,49.000700,12.073400
93053,48.996500,12.120200
93055,49.014300,12.142700
93057,49.049900,12.100600
93059,49.031200,12.102200
93065,49.008100,12.115500
93066,49.009271,12.109343
93072,48.984100,12.189500
93073,48.987400,12.201000
93077,48.937500,12.044900
93080,48.983400,12.058700
93083,48.966700,12.166700
93086,49.000900,12.405400
93087,48.916700,12.200000
93089,48.872000,12.282100
93090,49.021700,12.303700
93092,49.000000,12.200000
93093,49.032600,12.204600
93095,48.900000,12.216700
93096,48.933300,12.200000
93098,48.953600,12.242100
93099,48.893500,12.373600
93101,48.858200,12.227400
93102,48.963100,12.382500
93104,48.897600,12.350650
93105,49.023900,12.173000
93107,48.911700,12.155000
93109,49.016700,12.383300
93128,49.120100,12.130300
93133,49.203800,12.044500
93138,49.046900,12.091300
93142,49.199600,12.092300
93149,49.194200,12.267400
93152,49.024600,11.961300
93155,49.038300,11.852200
93158,49.222900,12.087300
93161,49.000000,12.033300
93164,49.083600,11.892750
93167,49.097500,12.488000
93170,49.091200,12.247400
93173,49.075600,12.199500
93176,49.095200,11.809700
93177,49.100000,12.300000
93179,49.066700,12.400000
93180,49.037200,11.910400
93182,49.116700,11.916700
93183,49.154700,11.979100
93185,49.122900,12.552800
93186,49.060700,12.007800
93188,49.072300,11.957000
93189,49.183300,12.350000
93191,49.066700,12.450000
93192,49.150000,12.350000
93194,49.183300,12.383300
93195,49.107300,11.978100
93197,49.078500,12.111700
93199,49.144400,12.414100
93308,48.919500,11.893600
93309,48.917300,11.886200
93326,48.816800,11.849800
93333,48.807100,11.769500
93336,48.899200,11.652000
93339,48.963800,11.688800
93342,48.900000,11.933300
93343,48.934700,11.789700
93345,48.859500,12.006300
93346,48.933300,11.866700
93348,48.771000,11.903700
93349,48.850000,11.650000
93351,48.997300,11.819500
93352,48.766700,11.966700
93354,48.772450,11.852800
93356,48.893000,12.011700
93358,48.733300,11.833300
93359,48.729800,11.898500
93411,49.223033,12.667167
93413,49.225700,12.655000
93426,49.194300,12.519600
93437,49.309500,12.841600
93444,49.176500,12.855200
93449,49.378000,12.709100
93453,49.258700,12.968700
93455,49.150000,12.650000
93458,49.298800,12.915700
93462,49.196700,13.050500
93464,49.433300,12.583300
93466,49.200000,12.750000
93468,49.162000,12.768400
93470,49.176000,13.105500
93471,49.130100,12.998200
93473,49.276600,12.815900
93474,49.191500,12.993900
93476,49.166700,12.816700
93477,49.316700,12.733300
93479,49.200000,12.883300
93480,49.200000,12.933300
93482,49.266700,12.616700
93483,49.233300,12.550000
93485,49.233300,12.883300
93486,49.215100,12.762100
93488,49.350000,12.600000
93489,49.160400,12.593200
93491,49.267600,12.530500
93492,49.422500,12.615700
93494,49.266700,12.666700
93495,49.262800,12.763100
93497,49.250000,12.666700
93499,49.150000,12.733300
94028,48.571500,13.459400
94030,48.572582,13.449418
94032,48.573200,13.450600
94034,48.589000,13.397100
94036,48.569300,13.412200
94051,48.649600,13.626500
94060,48.401500,13.313200
94065,48.732700,13.600800
94072,48.351000,13.312000
94078,48.809500,13.547700
94081,48.521600,13.317500
94086,48.455700,13.193900
94089,48.748600,13.747000
94094,48.359500,13.197000
94099,48.433300,13.333300
94104,48.721450,13.399450
94107,48.574300,13.667200
94110,48.601400,13.787300
94113,48.624200,13.400300
94116,48.672800,13.471500
94118,48.733300,13.700000
94121,48.616700,13.483300
94124,48.671100,13.521000
94127,48.500000,13.450000
94130,48.554900,13.637300
94133,48.738600,13.522700
94136,48.616700,13.533300
94137,48.410200,13.144100
94139,48.704400,13.793300
94140,48.299200,13.150300
94142,48.716700,13.466700
94143,48.800000,13.650000
94145,48.825700,13.776500
94146,48.823400,13.603700
94148,48.346400,13.267200
94149,48.366700,13.116700
94151,48.889700,13.584600
94152,48.460900,13.420800
94154,48.683300,13.383300
94155,48.616700,13.216700
94157,48.781800,13.438400
94158,48.866700,13.683300
94160,48.813400,13.471300
94161,48.650000,13.416700
94163,48.773100,13.355900
94164,48.683300,13.716700
94166,48.316700,13.083300
94167,48.442800,13.269600
94169,48.766300,13.315500
94209,48.971900,13.128200
94227,49.026850,13.245950
94232,49.080400,12.870700
94233,49.075500,12.889700
94234,49.080000,12.885700
94239,48.972233,12.983400
94244,49.043400,12.984750
94249,49.066700,13.100000
94250,48.971700,12.935100
94252,49.116700,13.200000
94253,48.918000,13.081800
94255,49.056200,13.034700
94256,49.107600,13.011800
94258,48.988900,13.300700
94259,48.900000,13.183300
94261,48.910500,13.266100
94262,49.046600,12.861200
94264,49.015000,13.146500
94265,49.016700,12.983300
94267,49.095400,12.826100
94269,48.949600,13.201000
94310,48.888900,12.623400
94312,48.898600,12.655800
94315,48.881300,12.573900
94327,48.911200,12.689600
94330,48.827650,12.597450
94333,48.825000,12.396500
94336,48.946450,12.739750
94339,48.775700,12.517900
94342,48.836000,12.736250
94344,49.040700,12.540100
94345,48.942800,12.468600
94347,49.000000,12.633300
94348,48.894100,12.487800
94350,49.004200,12.594800
94351,48.838300,12.527800
94353,49.024100,12.715500
94354,49.003500,12.691800
94356,48.950000,12.550000
94357,49.072400,12.711100
94359,49.084600,12.655900
94360,48.976300,12.678500
94362,48.975100,12.755500
94363,48.795700,12.642000
94365,48.916700,12.600000
94366,48.950000,12.800000
94368,48.855300,12.439800
94369,48.905000,12.468700
94371,49.086100,12.749100
94372,49.025700,12.659200
94374,48.915700,12.811400
94375,49.051000,12.655000
94377,48.954200,12.607100
94379,49.003000,12.826600
94405,48.672500,12.693200
94419,48.570100,12.628000
94424,48.558400,12.816700
94428,48.632700,12.855900
94431,48.701200,12.651000
94436,48.566100,12.738900
94437,48.651700,12.607800
94439,48.600000,12.933300
94447,48.778700,12.875100
94466,48.837000,12.959400
94469,48.840900,12.960700
94474,48.626900,13.192200
94481,48.857700,13.397400
94486,48.700000,13.022200
94491,48.772500,13.054900
94496,48.546000,13.222500
94501,48.570000,13.098800
94505,48.916700,12.883300
94508,48.754100,13.177800
94513,48.839700,13.337100
94518,48.915200,13.362300
94522,48.737700,12.747400
94526,48.855100,12.915500
94527,48.735400,12.910000
94529,48.676000,13.295400
94530,48.803500,13.099500
94532,48.724100,13.202900
94533,48.697000,12.924600
94535,48.713900,13.271300
94536,48.889400,13.299900
94538,48.716700,13.333300
94539,48.894900,12.975100
94541,48.803600,13.153700
94542,48.500000,13.150000
94544,48.678100,13.119200
94545,48.849800,13.488200
94547,48.730100,13.142300
94548,48.851500,13.275400
94550,48.666700,13.083300
94551,48.843750,13.158450
94553,48.833300,12.800000
94554,48.751500,12.961100
94556,48.884200,13.475800
94557,48.765600,13.024100
94559,48.883300,12.800000
94560,48.861900,12.862900
94562,48.701800,12.824800
94563,48.761300,12.808800
94565,48.677100,13.225800
94566,48.900000,13.416700
94568,48.900000,13.416700
94569,48.816700,12.800000
94571,48.850000,13.066700
94572,48.838800,13.228600
94574,48.684200,12.880400
94575,48.624400,13.221900
94577,48.722800,13.077500
94579,48.791300,13.259700
95025,50.318900,11.907400
95027,50.309400,11.909900
95028,50.320900,11.917200
95030,50.317300,11.896100
95032,50.295300,11.910300
95098,50.178100,12.132500
95100,50.170600,12.130500
95111,50.249200,12.034200
95119,50.330300,11.704600
95126,50.222800,11.935000
95131,50.284600,11.624900
95138,50.366500,11.644400
95145,50.262400,11.934800
95152,50.317000,11.750200
95158,50.151900,11.948300
95163,50.102200,11.888500
95168,50.130100,12.002300
95173,50.199700,12.085000
95176,50.266700,11.850000
95179,50.333300,11.600000
95180,50.374700,11.778500
95182,50.283300,11.950000
95183,50.374700,11.918867
95185,50.322100,11.997800
95186,50.100000,12.083300
95188,50.375200,11.720700
95189,50.333300,11.850000
95191,50.300000,11.800000
95192,50.383300,11.676200
95194,50.300000,12.050000
95195,50.083300,11.983300
95197,50.278300,11.741700
95199,50.106400,12.102000
95212,50.188700,11.797400
95213,50.189500,11.788200
95233,50.235600,11.715900
95234,50.162100,11.843500
95236,50.145500,11.691300
95237,50.183300,11.850000
95239,50.133300,11.800000
95326,50.100700,11.450300
95336,50.099900,11.376600
95339,50.098800,11.592750
95346,50.164300,11.503500
95349,50.025400,11.393500
95352,50.173100,11.633900
95355,50.228000,11.555100
95356,50.203100,11.593600
95358,50.155200,11.564800
95359,50.036700,11.352000
95361,50.100000,11.533300
95362,50.139600,11.577600
95364,50.126400,11.559700
95365,50.200000,11.466700
95367,50.066700,11.550000
95369,50.133300,11.516700
95440,49.946758,11.578011
95442,49.945100,11.578100
95444,49.946100,11.576200
95445,49.943100,11.559200
95447,49.948100,11.578300
95448,49.947400,11.599300
95455,49.915800,11.607800
95460,50.045600,11.672400
95463,49.981700,11.613900
95466,49.937450,11.752700
95469,49.871300,11.781200
95473,49.849433,11.623600
95478,49.870100,11.890800
95482,50.095400,11.737700
95485,49.993500,11.778700
95488,49.934800,11.496200
95490,49.912600,11.465900
95491,49.850000,11.433300
95493,50.051200,11.800000
95494,49.900000,11.533300
95496,49.887400,11.448700
95497,50.010900,11.687500
95499,50.033300,11.566700
95500,49.966700,11.533300
95502,50.066700,11.600000
95503,49.900000,11.516700
95505,49.900000,11.866700
95506,49.833300,11.900000
95508,49.900000,11.900000
95509,50.094700,11.654700
95511,49.912600,11.512600
95512,50.016700,11.500000
95514,49.816700,11.833300
95515,49.883300,11.333300
95517,49.893000,11.675000
95519,49.810700,11.734750
95614,50.006888,12.089188
95615,50.004400,12.085900
95631,50.043700,12.045580
95632,50.039200,12.003400
95643,49.882600,12.331100
95652,50.001700,12.304300
95659,50.057700,12.186800
95666,49.949250,12.263650
95671,49.810800,12.433200
95676,49.908200,12.188900
95679,49.981400,12.062900
95680,50.016700,12.016700
95682,49.959700,11.910700
95683,49.950000,11.933300
95685,49.858400,12.226800
95686,50.002900,11.854200
95688,49.882600,12.101200
95689,49.922600,12.145800
95691,50.095000,12.220100
95692,50.010900,12.227100
95694,49.974200,11.862000
95695,49.910900,12.524500
95697,49.983300,11.916700
95698,49.980400,12.443700
95700,49.933300,11.966700
95701,49.966700,12.166700
95703,49.784000,12.310000
95704,49.933300,12.000000
95706,50.082100,12.227400
95707,50.076100,12.126500
95709,50.016700,11.950000
96035,52.502500,13.407000
96039,50.739300,7.102400
96044,49.921100,10.905700
96045,49.899656,10.897178
96047,49.893400,10.891100
96049,49.880000,10.883400
96050,49.888300,10.918500
96052,49.908300,10.895100
96060,49.918900,10.922300
96061,49.909000,10.871800
96063,50.106900,8.639900
96076,52.504400,13.346000
96077,49.918800,10.895100
96103,49.929000,10.875400
96106,50.095500,10.798300
96110,49.975700,11.033000
96114,49.817900,10.989200
96117,49.930100,10.959200
96120,49.910900,10.832100
96123,49.914400,11.010300
96126,50.202150,10.642900
96129,49.844300,10.972100
96132,49.756200,10.618700
96135,49.865400,10.843800
96138,49.828300,10.743400
96142,49.937900,11.291500
96145,50.189700,10.842000
96146,49.800000,11.016700
96148,49.985900,10.851800
96149,49.972100,10.885900
96151,50.016700,10.700000
96152,49.733100,10.600700
96154,49.827300,10.596300
96155,49.803600,11.030000
96157,49.848100,10.496700
96158,49.816700,10.866700
96160,49.773600,10.470600
96161,50.033300,10.800000
96163,49.937100,10.919900
96164,49.954900,10.877800
96166,50.044300,10.717800
96167,49.946000,11.165200
96169,49.973200,10.788400
96170,49.894750,10.720900
96172,49.754400,10.775600
96173,49.932500,10.814700
96175,49.830000,10.928400
96176,50.150000,10.733300
96178,49.766700,10.816700
96179,50.015000,10.888600
96181,49.883300,10.616700
96182,50.016700,10.833300
96184,50.063400,10.799200
96185,49.857000,10.690200
96187,50.003200,11.197600
96188,49.971900,10.723900
96190,50.127500,10.856300
96191,49.922200,10.777200
96193,49.751900,10.713400
96194,49.866700,10.783300
96196,50.032600,11.126200
96197,49.976100,11.300500
96199,50.017800,10.932400
96215,50.145700,11.059300
96222,50.140700,11.246900
96223,50.140700,11.246900
96224,50.140900,11.252000
96231,50.102000,11.001300
96237,50.329000,11.152700
96242,50.216700,11.133300
96247,50.168000,11.113900
96250,50.066400,10.958300
96253,50.194200,10.974500
96257,50.178400,11.201350
96260,50.085100,11.240200
96264,50.125000,11.250300
96268,50.251100,11.208200
96269,50.176000,10.950500
96271,50.229900,11.019800
96272,50.150100,11.171200
96274,50.150000,10.900000
96275,50.166700,11.166900
96277,50.211800,11.194000
96279,50.203500,11.140100
96317,50.239600,11.333100
96328,50.191200,11.266800
96332,50.352400,11.309700
96337,50.486000,11.387300
96342,50.306400,11.281700
96346,50.268500,11.470600
96349,50.294400,11.462900
96352,50.311100,11.372800
96355,50.469800,11.258900
96358,50.411350,11.397700
96361,50.439000,11.369200
96364,50.250000,11.383300
96365,50.374100,11.509900
96367,50.400000,11.450000
96369,50.200000,11.350000
96435,50.263600,10.959100
96436,50.266600,10.959900
96438,50.283100,10.973600
96441,50.264700,10.966600
96444,50.263600,10.959100
96447,50.263600,10.959100
96448,50.263600,10.959100
96450,50.259400,10.963800
96465,50.329800,11.120600
96472,50.295200,11.041200
96475,50.337900,10.780400
96476,50.333300,10.783300
96479,50.256000,10.879900
96482,50.237600,10.954200
96484,50.321200,10.907000
96486,50.333300,10.966700
96487,50.283300,11.000000
96489,50.220000,10.990900
96515,50.359200,11.174600
96523,50.440650,11.192050
96524,50.350000,11.231000
96528,50.399867,11.017700
97024,49.782300,9.929600
97025,49.799900,9.917000
97064,49.790800,9.935192
97066,49.797100,9.941000
97067,49.790316,9.942295
97070,49.797100,9.933700
97072,49.782900,9.936600
97074,49.780200,9.941600
97076,49.804400,9.977000
97078,49.811800,9.963500
97080,49.801700,9.905800
97082,49.789900,9.920600
97084,49.768500,9.938200
97099,49.789600,10.032100
97101,49.799100,9.947400
97103,49.798950,9.951350
97199,49.664300,10.062300
97204,49.784500,9.882200
97209,49.832800,9.881700
97215,49.551067,10.210200
97218,49.775300,9.993600
97222,49.856900,9.957100
97225,49.897400,9.817500
97227,49.792900,10.031400
97228,49.792300,10.025900
97230,49.829000,10.005900
97232,49.653100,9.944400
97234,49.731900,9.914800
97236,49.760200,9.982800
97237,49.716700,9.750000
97239,49.552700,10.065300
97241,49.888450,10.076750
97243,49.517300,10.009100
97244,49.599100,9.879900
97246,49.723900,9.999600
97247,49.883300,10.166700
97249,49.759700,9.831100
97250,49.859700,9.844200
97252,49.666700,10.083300
97253,49.633300,10.000000
97255,49.582750,10.011350
97256,49.683600,9.902200
97258,49.586600,10.145100
97259,49.816700,9.766700
97261,49.869700,9.905000
97262,49.933300,10.016700
97264,49.761800,9.708000
97265,49.799400,9.815000
97267,49.923900,9.801700
97268,49.656100,9.857800
97270,49.742800,9.843900
97271,49.700300,9.844700
97273,49.850000,10.033300
97274,49.861900,9.804900
97276,49.837500,9.863900
97277,49.730900,9.671600
97279,49.863100,10.126700
97280,49.804800,9.694800
97282,49.912500,9.881900
97283,49.557200,9.978100
97285,49.502050,9.953750
97286,49.705200,10.021350
97288,49.754000,10.030600
97289,49.941400,9.858600
97291,49.878300,9.849200
97292,49.788050,9.705450
97294,49.868900,10.044000
97295,49.758600,9.803600
97297,49.788300,9.846700
97299,49.812100,9.869600
97318,49.753200,10.117000
97320,49.752240,10.164960
97332,49.863500,10.228100
97334,49.839600,10.195600
97337,49.802900,10.165200
97340,49.653767,10.147033
97342,49.665133,10.173633
97346,49.702400,10.260400
97348,49.700000,10.258033
97350,49.707900,10.219000
97353,49.794500,10.345100
97355,49.759540,10.329480
97357,49.819300,10.347700
97359,49.799600,10.229800
97412,50.050000,10.233300
97418,50.043400,10.219700
97419,50.032567,10.011589
97420,50.041200,10.230386
97421,50.044200,10.226700
97422,50.054500,10.244100
97424,50.034800,10.206400
97437,50.035200,10.515600
97440,49.982000,10.098800
97447,49.893750,10.331300
97450,49.977700,9.969800
97453,50.050100,10.308100
97456,50.072100,10.219700
97461,50.136800,10.523200
97464,50.061500,10.182700
97469,50.016700,10.283300
97475,50.002400,10.609800
97478,49.983300,10.550000
97483,49.971500,10.667100
97486,50.080800,10.567600
97488,50.187100,10.361600
97490,50.100000,10.142400
97491,50.150000,10.433300
97493,50.010300,10.180900
97494,50.216700,10.516700
97496,50.141500,10.649800
97497,49.907100,10.390300
97499,49.966700,10.416700
97500,49.985700,10.674400
97502,50.062000,10.136900
97503,50.033300,10.350000
97505,50.042900,10.156100
97506,50.000000,10.200000
97508,49.983300,10.316700
97509,49.916700,10.233300
97511,49.868100,10.321300
97513,49.900000,10.433300
97514,49.927100,10.633300
97516,49.860500,10.410000
97517,50.165400,10.204800
97519,50.100000,10.466700
97520,49.983300,10.216700
97522,49.983300,10.600000
97523,49.921700,10.138700
97525,49.990400,10.247800
97526,50.039000,10.259900
97528,50.240800,10.562800
97529,49.950000,10.333300
97531,50.011100,10.427800
97532,50.091800,10.268600
97534,49.964300,10.120000
97535,50.094800,10.030200
97537,49.916700,10.166700
97539,50.016700,10.466700
97615,50.324250,10.219279
97616,50.315050,10.209350
97618,50.333133,10.251233
97631,50.300800,10.468900
97633,50.312025,10.436587
97638,50.428500,10.303300
97640,50.419200,10.304267
97645,50.460000,10.230600
97647,50.487425,10.179375
97650,50.520500,10.145800
97653,50.402400,10.007500
97654,50.400800,10.203700
97656,50.441200,10.116900
97657,50.348200,10.008100
97659,50.381000,10.104400
97685,50.198067,10.078233
97688,50.202300,10.077800
97702,50.246400,10.201900
97705,50.271300,9.991600
97708,50.266500,10.079000
97711,50.192100,10.297150
97714,50.150000,10.133300
97717,50.148267,10.021667
97720,50.220600,10.123000
97723,50.199000,9.958800
97724,50.276400,10.179400
97725,50.147400,9.961500
97727,50.108200,9.933700
97729,50.140400,10.067800
97737,50.049500,9.705900
97753,49.960300,9.772400
97762,50.116300,9.891400
97769,50.308500,9.789800
97772,50.377600,9.910900
97773,50.178200,9.575500
97775,50.149700,9.651200
97776,49.985900,9.809000
97778,50.150000,9.583300
97779,50.280600,9.895500
97780,50.016700,9.783300
97782,50.122700,9.740500
97783,50.040900,9.785300
97785,50.192200,9.617000
97786,50.395600,9.772500
97788,50.033300,9.650000
97789,50.283300,9.800000
97791,50.208800,9.615500
97792,50.319900,9.861000
97794,50.093500,9.648000
97795,50.268100,9.862800
97797,50.166700,9.783300
97799,50.261900,9.672400
97813,49.998600,9.575000
97814,50.014200,9.590400
97816,49.989200,9.572200
97828,49.845400,9.603600
97833,50.064700,9.468900
97834,49.858600,9.695600
97836,49.870300,9.489200
97837,49.819300,9.627300
97839,49.855300,9.525800
97840,49.869400,9.602200
97842,49.867000,9.638100
97843,50.000000,9.416700
97845,49.930200,9.568100
97846,50.041800,9.519900
97848,49.983100,9.508300
97849,49.895600,9.626400
97851,49.891400,9.592600
97852,49.835000,9.463900
97854,49.952800,9.669400
97855,49.800600,9.606700
97857,49.901700,9.671200
97859,50.033300,9.433300
97877,49.759000,9.508500
97892,49.768200,9.518200
97896,49.753500,9.327500
97900,49.669400,9.523600
97901,49.828600,9.401400
97903,49.743500,9.320300
97904,49.780600,9.380300
97906,49.785300,9.444200
97907,49.791900,9.493600
97909,49.784700,9.411800
97922,49.565300,9.708200
97941,49.624700,9.662800
97944,49.479600,9.640100
97947,49.609500,9.747200
97950,49.665400,9.733600
97953,49.620300,9.595800
97956,49.670800,9.639400
97957,49.619200,9.842200
97959,49.428100,9.686100
97980,49.492500,9.773600
97990,49.478700,9.899800
97993,49.469400,10.031200
97996,49.400000,9.919400
97999,49.494400,9.816900
98496,50.611300,10.684800
98497,50.611300,10.684800
98523,50.636700,10.701500
98527,50.608000,10.695700
98528,50.600000,10.700000
98529,50.600000,10.700000
98530,50.567520,10.556980
98544,50.656400,10.660500
98547,50.639100,10.515675
98553,50.531383,10.722150
98554,50.650000,10.600000
98559,50.691250,10.759050
98574,50.721400,10.443900
98587,50.700971,10.568129
98590,50.707150,10.293675
98593,50.771650,10.468350
98596,50.783300,10.416700
98597,50.749600,10.367033
98599,50.824100,10.444500
98610,50.575300,10.415800
98617,50.535739,10.422617
98630,50.396825,10.511375
98631,50.449820,10.442320
98634,50.607324,10.189412
98639,50.624250,10.391975
98646,50.424371,10.655343
98660,50.493350,10.622788
98663,50.272833,10.696550
98666,50.519800,10.970900
98667,50.523300,10.866700
98669,50.368650,10.716000
98673,50.447233,10.871100
98678,50.447200,10.949500
98693,50.703250,10.903800
98701,50.596538,11.015150
98704,50.689050,10.979950
98708,50.643667,11.018067
98711,50.596450,10.835600
98714,50.633300,10.866700
98716,50.717900,10.838633
98724,50.493500,11.148750
98739,50.529075,11.218575
98743,50.524600,11.306800
98744,50.585500,11.154633
98746,50.563000,11.059050
98749,50.474667,11.065700
99060,50.978000,11.130700
99068,50.959400,11.044100
99073,51.001100,10.999600
99075,50.977900,11.130100
99077,50.979300,11.036200
99078,50.987050,11.024700
99079,50.977800,11.026800
99080,50.962500,10.995200
99081,50.970743,11.047457
99084,50.974600,11.029700
99085,50.994500,11.052800
99086,50.994000,11.027600
99087,51.021000,11.035300
99089,50.996800,11.007900
99091,51.014300,10.992900
99092,50.973000,10.978700
99094,50.983300,11.033300
99096,50.964300,11.041000
99097,50.983300,11.033300
99098,50.983300,11.033300
99099,50.975100,11.063700
99100,51.043150,10.842917
99102,50.909100,11.095400
99111,50.979300,11.036200
99112,50.979300,11.036200
99113,50.976900,11.012800
99114,50.978400,11.122900
99115,50.972600,10.961475
99116,50.972300,10.959900
99117,50.958800,11.051700
99130,50.822200,11.017200
99189,51.079900,10.940343
99192,50.930300,10.894960
99195,51.084343,11.089714
99198,51.023320,11.143320
99310,50.833200,11.016138
99326,50.754650,11.082950
99330,50.764150,10.805250
99334,50.873775,11.046675
99338,50.769575,10.874925
99420,50.979400,11.329200
99421,50.982075,11.327650
99423,50.980400,11.326300
99425,50.983300,11.316700
99427,50.986700,11.315600
99428,50.980738,11.225600
99437,50.890000,11.266100
99438,50.916825,11.283513
99439,51.055147,11.300076
99441,50.939562,11.432338
99444,50.859900,11.343900
99448,50.861050,11.193900
99510,51.050194,11.481576
99518,51.085689,11.591289
99610,51.136900,11.197333
99625,51.196200,11.261233
99628,51.135525,11.393700
99631,51.212833,11.049833
99634,51.156940,10.963060
99636,51.187500,11.376800
99638,51.250480,11.105220
99706,51.369700,10.870100
99707,51.357163,11.014650
99713,51.279030,10.747390
99718,51.256089,10.942344
99734,51.501800,10.795700
99735,51.466456,10.697478
99738,51.496800,10.789200
99752,51.459340,10.569480
99755,51.537750,10.621450
99759,51.408925,10.588150
99762,51.545700,10.853657
99765,51.449357,10.893671
99768,51.575700,10.784700
99815,50.974300,10.318300
99817,50.980700,10.315200
99819,50.932920,10.277160
99820,51.021700,10.510100
99826,51.085075,10.335038
99830,51.136900,10.233600
99831,51.059800,10.215400
99834,50.968875,10.142300
99837,50.932050,10.027100
99842,50.893000,10.365700
99846,50.916700,10.416700
99848,50.962750,10.405100
99867,50.948200,10.701900
99869,50.967996,10.706304
99878,50.917500,10.561700
99880,50.930420,10.585770
99885,50.806800,10.748833
99887,50.841460,10.689920
99891,50.885400,10.459000
99893,50.917500,10.561700
99894,50.852300,10.591633
99897,50.792500,10.615700
99947,51.157027,10.638018
99955,51.173136,10.802000
99958,51.095850,10.758300
99974,51.236450,10.450000
99976,51.247783,10.328933
99986,51.144033,10.440517
99988,51.172900,10.290450
99991,51.148467,10.553300
99994,51.239850,10.670850
99996,51.288800,10.580350
99998,51.212500,10.562500
